BD_ID,Reported_DateTime,Machine_ID,Cell_ID,Reported_By_Tech_ID,Shift,Breakdown_Type,Symptom,Root_Cause,Action_Taken,Response_DateTime,Repair_Start,Repair_End,Response_Time_Min,MTTR_Min,Production_Loss_Min,Spare_Used,Status,Recurrence_Flag,Linked_PM_WO,Remarks
BD-3000,2026-04-17T07:15:00,MC-01-002,CELL-01,TECH-02,C (22:00-06:00),Electrical,Machine not starting,Seal kit damaged,Replaced / rectified and trial taken,2026-04-17T07:20:00,2026-04-17T07:34:00,2026-04-17T11:38:00,5,244,263,No,Closed,No,,
BD-3001,2026-06-22T16:30:00,MC-02-008,CELL-02,TECH-06,C (22:00-06:00),Electrical,Product jam at station,Cooling fan choked,Replaced / rectified and trial taken,2026-06-22T16:48:00,2026-06-22T16:59:00,2026-06-22T18:32:00,18,93,122,No,Closed,Yes,,
BD-3002,2026-06-30T11:45:00,MC-05-018,CELL-05,TECH-03,C (22:00-06:00),Utility,Product jam at station,Steam trap blocked,Replaced / rectified and trial taken,2026-06-30T12:23:00,2026-06-30T12:40:00,2026-06-30T13:24:00,38,44,99,No,Closed,No,,
BD-3003,2025-11-16T15:45:00,MC-04-014,CELL-04,TECH-02,A (06:00-14:00),Pneumatic,Air leak at cylinder,Solenoid valve stuck,Replaced / rectified and trial taken,2025-11-16T15:59:00,2025-11-16T16:18:00,2025-11-16T20:40:00,14,262,295,Yes,Closed,No,,
BD-3004,2026-06-13T22:15:00,MC-04-014,CELL-04,TECH-02,B (14:00-22:00),Utility,Abnormal noise from drive,Solenoid valve stuck,Replaced / rectified and trial taken,2026-06-13T22:42:00,2026-06-13T22:51:00,2026-06-14T01:21:00,27,150,186,No,Closed,Yes,,
BD-3005,2025-12-07T07:30:00,MC-05-018,CELL-05,TECH-02,C (22:00-06:00),Utility,Steam pressure not building,Sensor misaligned,Replaced / rectified and trial taken,2025-12-07T07:57:00,2025-12-07T08:00:00,2025-12-07T08:57:00,27,57,87,No,Closed,No,,
BD-3006,2026-02-18T15:00:00,MC-08-028,CELL-08,TECH-06,B (14:00-22:00),Electrical,HMI communication lost,Sensor misaligned,Replaced / rectified and trial taken,2026-02-18T15:16:00,2026-02-18T15:24:00,2026-02-18T16:44:00,16,80,104,No,Closed,No,,
BD-3007,2026-02-12T15:45:00,MC-05-018,CELL-05,TECH-03,B (14:00-22:00),Pneumatic,Steam pressure not building,Solenoid valve stuck,Replaced / rectified and trial taken,2026-02-12T16:17:00,2026-02-12T16:36:00,2026-02-12T19:59:00,32,203,254,No,Closed,Yes,,
BD-3008,2026-04-29T16:15:00,MC-07-026,CELL-07,TECH-01,C (22:00-06:00),Electrical,Air leak at cylinder,Contactor coil burnt,Replaced / rectified and trial taken,2026-04-29T16:41:00,2026-04-29T16:53:00,2026-04-29T20:44:00,26,231,269,No,Closed,No,,
BD-3009,2025-11-18T12:30:00,MC-03-010,CELL-03,TECH-02,B (14:00-22:00),Instrumentation,Cycle time increased,Cooling fan choked,Replaced / rectified and trial taken,2025-11-18T12:47:00,2025-11-18T13:01:00,2025-11-18T18:12:00,17,311,342,No,Closed,No,,
BD-3010,2025-11-26T17:15:00,MC-04-015,CELL-04,TECH-02,C (22:00-06:00),Utility,Machine not starting,Steam trap blocked,Replaced / rectified and trial taken,2025-11-26T17:26:00,2025-11-26T17:45:00,2025-11-26T22:15:00,11,270,300,Yes,Closed,Yes,,
BD-3011,2026-08-09T07:00:00,MC-07-027,CELL-07,TECH-01,C (22:00-06:00),Electrical,Machine not starting,Sensor misaligned,Replaced / rectified and trial taken,2026-08-09T07:29:00,2026-08-09T07:35:00,2026-08-09T09:53:00,29,138,173,No,Closed,No,,
BD-3012,2025-10-01T21:45:00,MC-03-012,CELL-03,TECH-05,B (14:00-22:00),Mechanical,Machine not starting,Steam trap blocked,Replaced / rectified and trial taken,2025-10-01T21:49:00,2025-10-01T21:51:00,2025-10-02T02:43:00,4,292,298,No,Closed,No,,
BD-3013,2026-01-25T06:45:00,MC-05-018,CELL-05,TECH-05,A (06:00-14:00),Electrical,Sensor not detecting,Cable continuity broken,Replaced / rectified and trial taken,2026-01-25T06:59:00,2026-01-25T07:04:00,2026-01-25T08:13:00,14,69,88,No,Closed,No,,
BD-3014,2026-03-01T14:45:00,MC-07-027,CELL-07,TECH-04,C (22:00-06:00),Electrical,Sensor not detecting,Cooling fan choked,Replaced / rectified and trial taken,2026-03-01T14:53:00,2026-03-01T15:06:00,2026-03-01T18:53:00,8,227,248,No,Closed,Yes,,
BD-3015,2026-07-30T07:00:00,MC-06-021,CELL-06,TECH-05,B (14:00-22:00),Mechanical,Machine not starting,Seal kit damaged,Replaced / rectified and trial taken,2026-07-30T07:28:00,2026-07-30T07:42:00,2026-07-30T11:15:00,28,213,255,Yes,Closed,No,,
BD-3016,2026-04-11T16:00:00,MC-08-028,CELL-08,TECH-02,C (22:00-06:00),Instrumentation,Panel tripping on overload,Cooling fan choked,Replaced / rectified and trial taken,2026-04-11T16:36:00,2026-04-11T16:39:00,2026-04-11T18:56:00,36,137,176,Yes,Closed,Yes,,
BD-3017,2026-01-22T07:15:00,MC-06-022,CELL-06,TECH-05,A (06:00-14:00),Utility,Product jam at station,Bearing worn out,Replaced / rectified and trial taken,2026-01-22T07:38:00,2026-01-22T07:40:00,2026-01-22T09:46:00,23,126,151,No,Closed,No,,
BD-3018,2026-01-02T18:30:00,MC-05-019,CELL-05,TECH-05,C (22:00-06:00),Pneumatic,Machine not starting,Bearing worn out,Replaced / rectified and trial taken,2026-01-02T18:57:00,2026-01-02T19:03:00,2026-01-02T20:03:00,27,60,93,No,Closed,No,,
BD-3019,2025-10-09T16:45:00,MC-07-027,CELL-07,TECH-04,B (14:00-22:00),Electrical,Cycle time increased,Steam trap blocked,Replaced / rectified and trial taken,2025-10-09T17:08:00,2025-10-09T17:10:00,2025-10-09T19:49:00,23,159,184,No,Closed,No,,
BD-3020,2026-08-15T18:00:00,MC-02-006,CELL-02,TECH-01,B (14:00-22:00),Electrical,Product jam at station,Seal kit damaged,Replaced / rectified and trial taken,2026-08-15T18:21:00,2026-08-15T18:30:00,2026-08-15T19:27:00,21,57,87,No,Closed,No,,
BD-3021,2026-03-04T09:00:00,MC-03-011,CELL-03,TECH-03,B (14:00-22:00),Mechanical,Air leak at cylinder,Bearing worn out,Replaced / rectified and trial taken,2026-03-04T09:03:00,2026-03-04T09:14:00,2026-03-04T13:21:00,3,247,261,Yes,Closed,No,,
BD-3022,2026-06-13T22:45:00,MC-04-015,CELL-04,TECH-03,C (22:00-06:00),Mechanical,HMI communication lost,Cable continuity broken,Replaced / rectified and trial taken,2026-06-13T22:54:00,2026-06-13T22:56:00,2026-06-14T00:01:00,9,65,76,No,Closed,No,,
BD-3023,2026-01-28T19:45:00,MC-01-001,CELL-01,TECH-05,C (22:00-06:00),Electrical,Product jam at station,Seal kit damaged,Replaced / rectified and trial taken,2026-01-28T19:53:00,2026-01-28T20:12:00,2026-01-28T22:36:00,8,144,171,Yes,Closed,No,,
BD-3024,2026-01-16T21:15:00,MC-03-010,CELL-03,TECH-03,B (14:00-22:00),Pneumatic,Panel tripping on overload,Bearing worn out,Replaced / rectified and trial taken,2026-01-16T21:22:00,2026-01-16T21:29:00,2026-01-17T01:31:00,7,242,256,No,Closed,No,,
BD-3025,2026-07-18T21:15:00,MC-02-008,CELL-02,TECH-03,A (06:00-14:00),Hydraulic,Cycle time increased,Cable continuity broken,Replaced / rectified and trial taken,2026-07-18T21:47:00,2026-07-18T21:52:00,2026-07-18T23:21:00,32,89,126,No,Closed,No,,
BD-3026,2026-02-19T19:15:00,MC-04-015,CELL-04,TECH-06,A (06:00-14:00),Hydraulic,Cycle time increased,Seal kit damaged,Replaced / rectified and trial taken,2026-02-19T19:37:00,2026-02-19T19:49:00,2026-02-20T01:17:00,22,328,362,No,Closed,No,,
BD-3027,2026-08-22T21:15:00,MC-03-010,CELL-03,TECH-04,B (14:00-22:00),Mechanical,HMI communication lost,Sensor misaligned,Replaced / rectified and trial taken,2026-08-22T21:38:00,2026-08-22T21:52:00,2026-08-23T00:35:00,23,163,200,No,Closed,No,,
BD-3028,2026-06-09T06:45:00,MC-06-022,CELL-06,TECH-06,A (06:00-14:00),Hydraulic,Panel tripping on overload,Seal kit damaged,Replaced / rectified and trial taken,2026-06-09T07:01:00,2026-06-09T07:17:00,2026-06-09T10:06:00,16,169,201,No,Closed,No,,
BD-3029,2026-01-08T10:45:00,MC-02-008,CELL-02,TECH-05,B (14:00-22:00),Instrumentation,Product jam at station,Steam trap blocked,Replaced / rectified and trial taken,2026-01-08T11:12:00,2026-01-08T11:16:00,2026-01-08T15:25:00,27,249,280,No,Closed,No,,
BD-3030,2025-09-19T17:00:00,MC-05-018,CELL-05,TECH-02,C (22:00-06:00),Instrumentation,Machine not starting,Cable continuity broken,Replaced / rectified and trial taken,2025-09-19T17:09:00,2025-09-19T17:18:00,2025-09-19T20:39:00,9,201,219,No,Closed,No,,
BD-3031,2026-02-17T19:00:00,MC-07-025,CELL-07,TECH-02,C (22:00-06:00),Utility,Steam pressure not building,Steam trap blocked,Replaced / rectified and trial taken,2026-02-17T19:03:00,2026-02-17T19:08:00,2026-02-17T21:40:00,3,152,160,No,Closed,No,,
BD-3032,2026-03-11T18:45:00,MC-04-015,CELL-04,TECH-03,A (06:00-14:00),Hydraulic,Abnormal noise from drive,Cooling fan choked,Replaced / rectified and trial taken,2026-03-11T19:25:00,2026-03-11T19:43:00,2026-03-11T21:20:00,40,97,155,No,Closed,Yes,,
BD-3033,2025-11-12T17:30:00,MC-01-004,CELL-01,TECH-05,B (14:00-22:00),Pneumatic,Panel tripping on overload,Bearing worn out,Replaced / rectified and trial taken,2025-11-12T17:54:00,2025-11-12T18:10:00,2025-11-12T20:15:00,24,125,165,No,Closed,No,,
BD-3034,2025-10-05T15:00:00,MC-03-011,CELL-03,TECH-06,A (06:00-14:00),Utility,Air leak at cylinder,Sensor misaligned,Replaced / rectified and trial taken,2025-10-05T15:10:00,2025-10-05T15:12:00,2025-10-05T18:27:00,10,195,207,No,Closed,No,,
BD-3035,2025-11-21T16:45:00,MC-05-018,CELL-05,TECH-06,A (06:00-14:00),Electrical,Product jam at station,Loose terminal connection,Replaced / rectified and trial taken,2025-11-21T17:17:00,2025-11-21T17:26:00,2025-11-21T21:13:00,32,227,268,Yes,Closed,No,,
BD-3036,2026-07-01T19:45:00,MC-04-015,CELL-04,TECH-03,C (22:00-06:00),Mechanical,HMI communication lost,Bearing worn out,Replaced / rectified and trial taken,2026-07-01T19:48:00,2026-07-01T19:56:00,2026-07-01T22:01:00,3,125,136,No,Closed,No,,
BD-3037,2026-02-14T12:45:00,MC-03-012,CELL-03,TECH-05,C (22:00-06:00),Pneumatic,HMI communication lost,Loose terminal connection,Replaced / rectified and trial taken,2026-02-14T12:55:00,2026-02-14T13:05:00,2026-02-14T17:35:00,10,270,290,No,Closed,No,,
BD-3038,2025-10-29T17:30:00,MC-05-019,CELL-05,TECH-05,C (22:00-06:00),Mechanical,Air leak at cylinder,Belt slipping,Replaced / rectified and trial taken,2025-10-29T18:02:00,2025-10-29T18:09:00,2025-10-29T21:01:00,32,172,211,Yes,Closed,No,,
BD-3039,2025-10-30T11:30:00,MC-03-010,CELL-03,TECH-04,C (22:00-06:00),Electrical,HMI communication lost,Loose terminal connection,Replaced / rectified and trial taken,2025-10-30T11:42:00,2025-10-30T12:00:00,2025-10-30T15:38:00,12,218,248,No,Closed,No,,
BD-3040,2026-07-23T11:15:00,MC-04-016,CELL-04,TECH-02,B (14:00-22:00),Hydraulic,HMI communication lost,Contactor coil burnt,Replaced / rectified and trial taken,2026-07-23T11:49:00,2026-07-23T12:00:00,2026-07-23T13:31:00,34,91,136,No,Closed,Yes,,
BD-3041,2025-11-09T12:45:00,MC-04-016,CELL-04,TECH-04,C (22:00-06:00),Hydraulic,Product jam at station,Solenoid valve stuck,Replaced / rectified and trial taken,2025-11-09T13:23:00,2025-11-09T13:41:00,2025-11-09T18:14:00,38,273,329,No,Closed,No,,
BD-3042,2026-06-17T06:15:00,MC-01-003,CELL-01,TECH-02,C (22:00-06:00),Pneumatic,Air leak at cylinder,Solenoid valve stuck,Replaced / rectified and trial taken,2026-06-17T06:36:00,2026-06-17T06:39:00,2026-06-17T09:19:00,21,160,184,No,Closed,No,,
BD-3043,2026-05-20T09:00:00,MC-05-018,CELL-05,TECH-05,A (06:00-14:00),Utility,Panel tripping on overload,Steam trap blocked,Replaced / rectified and trial taken,2026-05-20T09:20:00,2026-05-20T09:39:00,2026-05-20T13:06:00,20,207,246,Yes,Closed,No,,
BD-3044,2026-08-01T13:30:00,MC-01-004,CELL-01,TECH-03,A (06:00-14:00),Hydraulic,Abnormal noise from drive,Sensor misaligned,Replaced / rectified and trial taken,2026-08-01T13:35:00,2026-08-01T13:51:00,2026-08-01T16:25:00,5,154,175,Yes,Closed,No,,
BD-3045,2026-07-10T19:15:00,MC-08-028,CELL-08,TECH-01,C (22:00-06:00),Pneumatic,Steam pressure not building,Cooling fan choked,Replaced / rectified and trial taken,2026-07-10T19:26:00,2026-07-10T19:34:00,2026-07-10T21:39:00,11,125,144,No,Closed,No,,
BD-3046,2026-08-27T15:30:00,MC-03-011,CELL-03,TECH-06,A (06:00-14:00),Electrical,Product jam at station,Contactor coil burnt,Replaced / rectified and trial taken,2026-08-27T16:09:00,2026-08-27T16:19:00,2026-08-27T21:02:00,39,283,332,No,Closed,No,,
BD-3047,2025-11-07T13:15:00,MC-06-023,CELL-06,TECH-04,A (06:00-14:00),Instrumentation,Overheating of motor,Loose terminal connection,Replaced / rectified and trial taken,2025-11-07T13:38:00,2025-11-07T13:47:00,2025-11-07T17:28:00,23,221,253,No,Closed,No,,
BD-3048,2026-07-22T08:45:00,MC-01-003,CELL-01,TECH-04,B (14:00-22:00),Pneumatic,HMI communication lost,Contactor coil burnt,Replaced / rectified and trial taken,2026-07-22T09:20:00,2026-07-22T09:30:00,2026-07-22T12:58:00,35,208,253,No,Closed,Yes,,
BD-3049,2026-04-23T17:00:00,MC-06-024,CELL-06,TECH-04,A (06:00-14:00),Hydraulic,Overheating of motor,Belt slipping,Replaced / rectified and trial taken,2026-04-23T17:37:00,2026-04-23T17:51:00,2026-04-23T20:02:00,37,131,182,No,Closed,No,,
BD-3050,2026-06-23T10:45:00,MC-05-018,CELL-05,TECH-01,C (22:00-06:00),Hydraulic,Machine not starting,Bearing worn out,Replaced / rectified and trial taken,2026-06-23T11:09:00,2026-06-23T11:12:00,2026-06-23T11:55:00,24,43,70,Yes,Closed,No,,
BD-3051,2025-09-01T19:15:00,MC-04-015,CELL-04,TECH-03,A (06:00-14:00),Utility,Cycle time increased,Cooling fan choked,Replaced / rectified and trial taken,2025-09-01T19:26:00,2025-09-01T19:37:00,2025-09-01T21:18:00,11,101,123,Yes,Closed,No,,
BD-3052,2026-07-30T11:00:00,MC-06-022,CELL-06,TECH-04,C (22:00-06:00),Mechanical,Abnormal noise from drive,Contactor coil burnt,Replaced / rectified and trial taken,2026-07-30T11:28:00,2026-07-30T11:39:00,2026-07-30T13:58:00,28,139,178,Yes,Closed,No,,
BD-3053,2025-11-07T13:45:00,MC-01-003,CELL-01,TECH-01,B (14:00-22:00),Utility,Air leak at cylinder,Solenoid valve stuck,Replaced / rectified and trial taken,2025-11-07T13:48:00,2025-11-07T13:50:00,2025-11-07T17:05:00,3,195,200,Yes,Closed,No,,
BD-3054,2025-10-16T09:00:00,MC-04-013,CELL-04,TECH-02,B (14:00-22:00),Electrical,Air leak at cylinder,Bearing worn out,Replaced / rectified and trial taken,2025-10-16T09:23:00,2025-10-16T09:36:00,2025-10-16T12:29:00,23,173,209,No,Closed,Yes,,
BD-3055,2026-07-30T11:45:00,MC-05-020,CELL-05,TECH-04,C (22:00-06:00),Utility,Panel tripping on overload,Sensor misaligned,Replaced / rectified and trial taken,2026-07-30T12:10:00,2026-07-30T12:18:00,2026-07-30T13:55:00,25,97,130,Yes,Closed,Yes,,
BD-3056,2025-11-03T18:30:00,MC-02-005,CELL-02,TECH-02,B (14:00-22:00),Utility,Abnormal noise from drive,Sensor misaligned,Replaced / rectified and trial taken,2025-11-03T19:00:00,2025-11-03T19:12:00,2025-11-03T20:43:00,30,91,133,No,Closed,No,,
BD-3057,2026-08-20T06:30:00,MC-07-025,CELL-07,TECH-05,A (06:00-14:00),Utility,Product jam at station,Cooling fan choked,Replaced / rectified and trial taken,2026-08-20T06:46:00,2026-08-20T07:04:00,2026-08-20T12:34:00,16,330,364,No,Closed,Yes,,
BD-3058,2026-01-01T21:45:00,MC-07-026,CELL-07,TECH-06,C (22:00-06:00),Mechanical,Steam pressure not building,Contactor coil burnt,Replaced / rectified and trial taken,2026-01-01T21:55:00,2026-01-01T22:04:00,2026-01-02T02:39:00,10,275,294,No,Closed,No,,
BD-3059,2026-03-18T19:30:00,MC-02-005,CELL-02,TECH-01,A (06:00-14:00),Instrumentation,Abnormal noise from drive,Contactor coil burnt,Replaced / rectified and trial taken,2026-03-18T20:07:00,2026-03-18T20:14:00,2026-03-19T00:35:00,37,261,305,No,Closed,No,,
BD-3060,2025-10-01T18:30:00,MC-01-002,CELL-01,TECH-06,B (14:00-22:00),Mechanical,Steam pressure not building,Steam trap blocked,Replaced / rectified and trial taken,2025-10-01T19:05:00,2025-10-01T19:20:00,2025-10-01T23:16:00,35,236,286,No,Closed,No,,
BD-3061,2025-10-13T15:00:00,MC-03-009,CELL-03,TECH-05,B (14:00-22:00),Hydraulic,HMI communication lost,Bearing worn out,Replaced / rectified and trial taken,2025-10-13T15:35:00,2025-10-13T15:43:00,2025-10-13T17:22:00,35,99,142,No,Closed,No,,
BD-3062,2026-01-01T07:15:00,MC-06-024,CELL-06,TECH-04,C (22:00-06:00),Instrumentation,Machine not starting,Cooling fan choked,Replaced / rectified and trial taken,2026-01-01T07:23:00,2026-01-01T07:38:00,2026-01-01T08:57:00,8,79,102,No,Closed,No,,
BD-3063,2025-09-07T10:00:00,MC-01-004,CELL-01,TECH-05,C (22:00-06:00),Utility,Overheating of motor,Seal kit damaged,Replaced / rectified and trial taken,2025-09-07T10:13:00,2025-09-07T10:30:00,2025-09-07T13:47:00,13,197,227,No,Closed,No,,
BD-3064,2026-01-16T09:00:00,MC-06-024,CELL-06,TECH-05,A (06:00-14:00),Pneumatic,HMI communication lost,Bearing worn out,Replaced / rectified and trial taken,2026-01-16T09:24:00,2026-01-16T09:39:00,2026-01-16T12:18:00,24,159,198,No,Closed,No,,
BD-3065,2026-03-04T07:45:00,MC-05-017,CELL-05,TECH-02,B (14:00-22:00),Mechanical,HMI communication lost,Bearing worn out,Replaced / rectified and trial taken,2026-03-04T08:24:00,2026-03-04T08:31:00,2026-03-04T11:59:00,39,208,254,Yes,Closed,Yes,,
BD-3066,2025-09-07T13:00:00,MC-01-002,CELL-01,TECH-02,A (06:00-14:00),Mechanical,Steam pressure not building,Loose terminal connection,Replaced / rectified and trial taken,2025-09-07T13:33:00,2025-09-07T13:46:00,2025-09-07T17:22:00,33,216,262,Yes,Closed,No,,
BD-3067,2026-04-02T16:30:00,MC-02-008,CELL-02,TECH-01,C (22:00-06:00),Utility,Machine not starting,Seal kit damaged,Replaced / rectified and trial taken,2026-04-02T16:37:00,2026-04-02T16:57:00,2026-04-02T20:27:00,7,210,237,Yes,Closed,Yes,,
BD-3068,2025-10-06T20:30:00,MC-04-013,CELL-04,TECH-05,B (14:00-22:00),Mechanical,Cycle time increased,Sensor misaligned,Replaced / rectified and trial taken,2025-10-06T20:52:00,2025-10-06T21:04:00,2025-10-06T22:08:00,22,64,98,No,Closed,No,,
BD-3069,2026-07-16T13:45:00,MC-06-024,CELL-06,TECH-02,C (22:00-06:00),Instrumentation,Sensor not detecting,Seal kit damaged,Replaced / rectified and trial taken,2026-07-16T14:11:00,2026-07-16T14:31:00,2026-07-16T19:03:00,26,272,318,Yes,Closed,No,,
BD-3070,2025-12-29T17:00:00,MC-01-001,CELL-01,TECH-06,C (22:00-06:00),Pneumatic,Abnormal noise from drive,Sensor misaligned,Replaced / rectified and trial taken,2025-12-29T17:24:00,2025-12-29T17:26:00,2025-12-29T20:58:00,24,212,238,No,Closed,No,,
BD-3071,2026-05-10T07:15:00,MC-04-014,CELL-04,TECH-02,C (22:00-06:00),Hydraulic,Cycle time increased,Solenoid valve stuck,Replaced / rectified and trial taken,2026-05-10T07:35:00,2026-05-10T07:39:00,2026-05-10T08:21:00,20,42,66,No,Closed,Yes,,
BD-3072,2025-10-19T22:15:00,MC-05-019,CELL-05,TECH-05,A (06:00-14:00),Hydraulic,Air leak at cylinder,Sensor misaligned,Replaced / rectified and trial taken,2025-10-19T22:43:00,2025-10-19T22:47:00,2025-10-20T04:10:00,28,323,355,No,Closed,No,,
BD-3073,2026-02-09T18:30:00,MC-08-028,CELL-08,TECH-02,A (06:00-14:00),Electrical,Air leak at cylinder,Cable continuity broken,Replaced / rectified and trial taken,2026-02-09T18:53:00,2026-02-09T19:09:00,2026-02-09T21:48:00,23,159,198,Yes,Closed,No,,
BD-3074,2025-11-24T20:45:00,MC-01-004,CELL-01,TECH-05,B (14:00-22:00),Electrical,Panel tripping on overload,Cooling fan choked,Replaced / rectified and trial taken,2025-11-24T21:08:00,2025-11-24T21:23:00,2025-11-24T22:44:00,23,81,119,No,Closed,No,,
BD-3075,2025-11-01T08:15:00,MC-08-028,CELL-08,TECH-03,A (06:00-14:00),Mechanical,Sensor not detecting,Belt slipping,Replaced / rectified and trial taken,2025-11-01T08:37:00,2025-11-01T08:40:00,2025-11-01T10:50:00,22,130,155,No,Closed,Yes,,
BD-3076,2026-02-01T14:15:00,MC-06-022,CELL-06,TECH-05,C (22:00-06:00),Instrumentation,Sensor not detecting,Bearing worn out,Replaced / rectified and trial taken,2026-02-01T14:19:00,2026-02-01T14:33:00,2026-02-01T18:44:00,4,251,269,No,Closed,Yes,,
BD-3077,2025-11-11T09:00:00,MC-07-026,CELL-07,TECH-02,B (14:00-22:00),Pneumatic,Abnormal noise from drive,Cable continuity broken,Replaced / rectified and trial taken,2025-11-11T09:06:00,2025-11-11T09:15:00,2025-11-11T10:41:00,6,86,101,No,Closed,No,,
BD-3078,2025-10-09T06:00:00,MC-08-030,CELL-08,TECH-01,B (14:00-22:00),Mechanical,Machine not starting,Solenoid valve stuck,Replaced / rectified and trial taken,2025-10-09T06:15:00,2025-10-09T06:31:00,2025-10-09T07:56:00,15,85,116,Yes,Closed,No,,
BD-3079,2026-06-21T19:45:00,MC-08-030,CELL-08,TECH-06,B (14:00-22:00),Electrical,Cycle time increased,Sensor misaligned,Replaced / rectified and trial taken,2026-06-21T20:19:00,2026-06-21T20:21:00,2026-06-21T23:56:00,34,215,251,Yes,Closed,No,,
BD-3080,2026-04-17T10:00:00,MC-03-009,CELL-03,TECH-04,C (22:00-06:00),Hydraulic,Machine not starting,Bearing worn out,Replaced / rectified and trial taken,2026-04-17T10:18:00,2026-04-17T10:29:00,2026-04-17T15:04:00,18,275,304,No,Closed,No,,
BD-3081,2026-04-03T12:15:00,MC-02-005,CELL-02,TECH-06,B (14:00-22:00),Hydraulic,Steam pressure not building,Solenoid valve stuck,Replaced / rectified and trial taken,2026-04-03T12:52:00,2026-04-03T12:54:00,2026-04-03T16:29:00,37,215,254,No,Closed,No,,
BD-3082,2026-01-17T11:00:00,MC-04-013,CELL-04,TECH-03,A (06:00-14:00),Hydraulic,Steam pressure not building,Belt slipping,Replaced / rectified and trial taken,2026-01-17T11:23:00,2026-01-17T11:32:00,2026-01-17T12:07:00,23,35,67,No,Closed,No,,
BD-3083,2025-10-22T13:15:00,MC-02-006,CELL-02,TECH-02,C (22:00-06:00),Hydraulic,Cycle time increased,Seal kit damaged,Replaced / rectified and trial taken,2025-10-22T13:35:00,2025-10-22T13:54:00,2025-10-22T14:42:00,20,48,87,Yes,Closed,No,,
BD-3084,2026-02-10T17:00:00,MC-05-019,CELL-05,TECH-02,C (22:00-06:00),Electrical,Panel tripping on overload,Steam trap blocked,Replaced / rectified and trial taken,2026-02-10T17:25:00,2026-02-10T17:45:00,2026-02-10T22:53:00,25,308,353,No,Closed,No,,
BD-3085,2025-09-20T08:00:00,MC-04-016,CELL-04,TECH-05,B (14:00-22:00),Mechanical,Cycle time increased,Cable continuity broken,Replaced / rectified and trial taken,2025-09-20T08:17:00,2025-09-20T08:26:00,2025-09-20T08:56:00,17,30,56,Yes,Closed,No,,
BD-3086,2025-11-30T16:00:00,MC-03-011,CELL-03,TECH-06,A (06:00-14:00),Mechanical,Steam pressure not building,Belt slipping,Replaced / rectified and trial taken,2025-11-30T16:04:00,2025-11-30T16:10:00,2025-11-30T21:30:00,4,320,330,Yes,Closed,No,,
BD-3087,2026-08-06T18:00:00,MC-06-023,CELL-06,TECH-02,A (06:00-14:00),Utility,Product jam at station,Solenoid valve stuck,Replaced / rectified and trial taken,2026-08-06T18:24:00,2026-08-06T18:35:00,2026-08-06T21:40:00,24,185,220,No,Closed,No,,
