Scan_ID,Scan_DateTime,Machine_ID,Cell_ID,Tech_ID,Scan_Action,Device,WO_No,Comments
SCN-70001,2025-09-10T07:29:00,MC-01-001,CELL-01,TECH-01,Start PM,Android,WO-1001,
SCN-70002,2025-09-10T08:57:00,MC-01-001,CELL-01,TECH-01,Complete PM,Android,WO-1001,
SCN-70003,2025-09-10T08:49:00,MC-01-002,CELL-01,TECH-01,Start PM,Android,WO-1001,
SCN-70004,2025-09-10T10:18:00,MC-01-002,CELL-01,TECH-01,Complete PM,Android,WO-1001,
SCN-70005,2025-09-10T09:15:00,MC-01-003,CELL-01,TECH-05,Start PM,Android,WO-1001,
SCN-70006,2025-09-10T11:38:00,MC-01-003,CELL-01,TECH-05,Complete PM,Android,WO-1001,
SCN-70007,2025-09-10T10:42:00,MC-01-004,CELL-01,TECH-04,Start PM,Android,WO-1001,
SCN-70008,2025-09-10T12:24:00,MC-01-004,CELL-01,TECH-04,Complete PM,Android,WO-1001,
SCN-70009,2025-09-25T07:04:00,MC-02-005,CELL-02,TECH-04,Start PM,Android,WO-1002,
SCN-70010,2025-09-25T09:10:00,MC-02-005,CELL-02,TECH-04,Complete PM,Android,WO-1002,
SCN-70011,2025-09-25T08:24:00,MC-02-006,CELL-02,TECH-02,Start PM,Android,WO-1002,
SCN-70012,2025-09-25T10:27:00,MC-02-006,CELL-02,TECH-02,Complete PM,Android,WO-1002,
SCN-70013,2025-09-25T09:26:00,MC-02-007,CELL-02,TECH-04,Start PM,Android,WO-1002,
SCN-70014,2025-09-25T10:43:00,MC-02-007,CELL-02,TECH-04,Complete PM,Android,WO-1002,
SCN-70015,2025-09-25T10:26:00,MC-02-008,CELL-02,TECH-02,Start PM,Android,WO-1002,
SCN-70016,2025-09-25T11:50:00,MC-02-008,CELL-02,TECH-02,Complete PM,Android,WO-1002,
SCN-70017,2025-09-30T07:24:00,MC-03-009,CELL-03,TECH-01,Start PM,Android,WO-1003,
SCN-70018,2025-09-30T08:42:00,MC-03-009,CELL-03,TECH-01,Complete PM,Android,WO-1003,
SCN-70019,2025-09-30T08:37:00,MC-03-010,CELL-03,TECH-04,Start PM,Android,WO-1003,
SCN-70020,2025-09-30T10:24:00,MC-03-010,CELL-03,TECH-04,Complete PM,Android,WO-1003,
SCN-70021,2025-09-30T09:11:00,MC-03-011,CELL-03,TECH-04,Start PM,Android,WO-1003,
SCN-70022,2025-09-30T09:52:00,MC-03-011,CELL-03,TECH-04,Complete PM,Android,WO-1003,
SCN-70023,2025-09-30T10:48:00,MC-03-012,CELL-03,TECH-03,Start PM,Android,WO-1003,
SCN-70024,2025-09-30T13:09:00,MC-03-012,CELL-03,TECH-03,Complete PM,Android,WO-1003,
SCN-70025,2025-10-03T07:30:00,MC-04-013,CELL-04,TECH-02,Start PM,Android,WO-1004,
SCN-70026,2025-10-03T09:30:00,MC-04-013,CELL-04,TECH-02,Complete PM,Android,WO-1004,
SCN-70027,2025-10-03T08:38:00,MC-04-014,CELL-04,TECH-05,Start PM,Android,WO-1004,
SCN-70028,2025-10-03T10:48:00,MC-04-014,CELL-04,TECH-05,Complete PM,Android,WO-1004,
SCN-70029,2025-10-03T09:24:00,MC-04-015,CELL-04,TECH-06,Start PM,Android,WO-1004,
SCN-70030,2025-10-03T10:49:00,MC-04-015,CELL-04,TECH-06,Complete PM,Android,WO-1004,
SCN-70031,2025-10-03T10:50:00,MC-04-016,CELL-04,TECH-01,Start PM,Android,WO-1004,
SCN-70032,2025-10-03T12:37:00,MC-04-016,CELL-04,TECH-01,Complete PM,Android,WO-1004,
SCN-70033,2025-10-16T07:17:00,MC-05-017,CELL-05,TECH-06,Start PM,Android,WO-1005,
SCN-70034,2025-10-16T09:10:00,MC-05-017,CELL-05,TECH-06,Complete PM,Android,WO-1005,
SCN-70035,2025-10-16T08:15:00,MC-05-018,CELL-05,TECH-03,Start PM,Android,WO-1005,
SCN-70036,2025-10-16T10:36:00,MC-05-018,CELL-05,TECH-03,Complete PM,Android,WO-1005,
SCN-70037,2025-10-16T09:20:00,MC-05-019,CELL-05,TECH-04,Start PM,Android,WO-1005,
SCN-70038,2025-10-16T10:18:00,MC-05-019,CELL-05,TECH-04,Complete PM,Android,WO-1005,
SCN-70039,2025-10-16T10:44:00,MC-05-020,CELL-05,TECH-05,Start PM,Android,WO-1005,
SCN-70040,2025-10-16T13:11:00,MC-05-020,CELL-05,TECH-05,Complete PM,Android,WO-1005,
SCN-70041,2025-10-23T07:18:00,MC-06-021,CELL-06,TECH-01,Start PM,Android,WO-1006,
SCN-70042,2025-10-23T08:21:00,MC-06-021,CELL-06,TECH-01,Complete PM,Android,WO-1006,
SCN-70043,2025-10-23T08:37:00,MC-06-022,CELL-06,TECH-06,Start PM,Android,WO-1006,
SCN-70044,2025-10-23T09:59:00,MC-06-022,CELL-06,TECH-06,Complete PM,Android,WO-1006,
SCN-70045,2025-10-23T09:29:00,MC-06-023,CELL-06,TECH-06,Start PM,Android,WO-1006,
SCN-70046,2025-10-23T10:38:00,MC-06-023,CELL-06,TECH-06,Complete PM,Android,WO-1006,
SCN-70047,2025-10-23T10:12:00,MC-06-024,CELL-06,TECH-06,Start PM,Android,WO-1006,
SCN-70048,2025-10-23T11:27:00,MC-06-024,CELL-06,TECH-06,Complete PM,Android,WO-1006,
SCN-70049,2025-10-27T07:34:00,MC-07-025,CELL-07,TECH-06,Start PM,Android,WO-1007,
SCN-70050,2025-10-27T08:25:00,MC-07-025,CELL-07,TECH-06,Complete PM,Android,WO-1007,
SCN-70051,2025-10-27T08:40:00,MC-07-026,CELL-07,TECH-02,Start PM,Android,WO-1007,
SCN-70052,2025-10-27T11:06:00,MC-07-026,CELL-07,TECH-02,Complete PM,Android,WO-1007,
SCN-70053,2025-10-27T09:03:00,MC-07-027,CELL-07,TECH-02,Start PM,Android,WO-1007,
SCN-70054,2025-10-27T10:10:00,MC-07-027,CELL-07,TECH-02,Complete PM,Android,WO-1007,
SCN-70055,2025-11-13T07:42:00,MC-01-001,CELL-01,TECH-03,Start PM,Android,WO-1009,
SCN-70056,2025-11-13T08:27:00,MC-01-001,CELL-01,TECH-03,Complete PM,Android,WO-1009,
SCN-70057,2025-11-13T08:30:00,MC-01-002,CELL-01,TECH-05,Start PM,Android,WO-1009,
SCN-70058,2025-11-13T09:42:00,MC-01-002,CELL-01,TECH-05,Complete PM,Android,WO-1009,
SCN-70059,2025-11-13T09:43:00,MC-01-003,CELL-01,TECH-01,Start PM,Android,WO-1009,
SCN-70060,2025-11-13T10:47:00,MC-01-003,CELL-01,TECH-01,Complete PM,Android,WO-1009,
SCN-70061,2025-11-13T10:07:00,MC-01-004,CELL-01,TECH-04,Start PM,Android,WO-1009,
SCN-70062,2025-11-13T11:51:00,MC-01-004,CELL-01,TECH-04,Complete PM,Android,WO-1009,
SCN-70063,2025-11-17T07:19:00,MC-02-005,CELL-02,TECH-06,Start PM,Android,WO-1010,
SCN-70064,2025-11-17T09:23:00,MC-02-005,CELL-02,TECH-06,Complete PM,Android,WO-1010,
SCN-70065,2025-11-17T08:47:00,MC-02-006,CELL-02,TECH-04,Start PM,Android,WO-1010,
SCN-70066,2025-11-17T10:03:00,MC-02-006,CELL-02,TECH-04,Complete PM,Android,WO-1010,
SCN-70067,2025-11-17T09:43:00,MC-02-007,CELL-02,TECH-02,Start PM,Android,WO-1010,
SCN-70068,2025-11-17T12:05:00,MC-02-007,CELL-02,TECH-02,Complete PM,Android,WO-1010,
SCN-70069,2025-11-17T10:17:00,MC-02-008,CELL-02,TECH-06,Start PM,Android,WO-1010,
SCN-70070,2025-11-17T12:05:00,MC-02-008,CELL-02,TECH-06,Complete PM,Android,WO-1010,
SCN-70071,2025-12-06T07:20:00,MC-04-013,CELL-04,TECH-03,Start PM,Android,WO-1012,
SCN-70072,2025-12-06T08:09:00,MC-04-013,CELL-04,TECH-03,Complete PM,Android,WO-1012,
SCN-70073,2025-12-06T08:13:00,MC-04-014,CELL-04,TECH-01,Start PM,Android,WO-1012,
SCN-70074,2025-12-06T09:22:00,MC-04-014,CELL-04,TECH-01,Complete PM,Android,WO-1012,
SCN-70075,2025-12-06T09:38:00,MC-04-015,CELL-04,TECH-06,Start PM,Android,WO-1012,
SCN-70076,2025-12-06T11:55:00,MC-04-015,CELL-04,TECH-06,Complete PM,Android,WO-1012,
SCN-70077,2025-12-06T10:14:00,MC-04-016,CELL-04,TECH-01,Start PM,Android,WO-1012,
SCN-70078,2025-12-06T12:36:00,MC-04-016,CELL-04,TECH-01,Complete PM,Android,WO-1012,
SCN-70079,2025-12-13T07:21:00,MC-05-017,CELL-05,TECH-04,Start PM,Android,WO-1013,
SCN-70080,2025-12-13T09:36:00,MC-05-017,CELL-05,TECH-04,Complete PM,Android,WO-1013,
SCN-70081,2025-12-13T08:37:00,MC-05-018,CELL-05,TECH-05,Start PM,Android,WO-1013,
SCN-70082,2025-12-13T10:36:00,MC-05-018,CELL-05,TECH-05,Complete PM,Android,WO-1013,
SCN-70083,2025-12-13T09:48:00,MC-05-019,CELL-05,TECH-05,Start PM,Android,WO-1013,
SCN-70084,2025-12-13T11:32:00,MC-05-019,CELL-05,TECH-05,Complete PM,Android,WO-1013,
SCN-70085,2025-12-13T10:36:00,MC-05-020,CELL-05,TECH-02,Start PM,Android,WO-1013,
SCN-70086,2025-12-13T12:00:00,MC-05-020,CELL-05,TECH-02,Complete PM,Android,WO-1013,
SCN-70087,2025-12-30T07:41:00,MC-07-025,CELL-07,TECH-04,Start PM,Android,WO-1015,
SCN-70088,2025-12-30T08:26:00,MC-07-025,CELL-07,TECH-04,Complete PM,Android,WO-1015,
SCN-70089,2025-12-30T08:34:00,MC-07-026,CELL-07,TECH-04,Start PM,Android,WO-1015,
SCN-70090,2025-12-30T09:13:00,MC-07-026,CELL-07,TECH-04,Complete PM,Android,WO-1015,
SCN-70091,2025-12-30T09:47:00,MC-07-027,CELL-07,TECH-02,Start PM,Android,WO-1015,
SCN-70092,2025-12-30T10:33:00,MC-07-027,CELL-07,TECH-02,Complete PM,Android,WO-1015,
SCN-70093,2026-01-01T07:43:00,MC-08-028,CELL-08,TECH-05,Start PM,Android,WO-1016,
SCN-70094,2026-01-01T09:59:00,MC-08-028,CELL-08,TECH-05,Complete PM,Android,WO-1016,
SCN-70095,2026-01-01T08:24:00,MC-08-029,CELL-08,TECH-05,Start PM,Android,WO-1016,
SCN-70096,2026-01-01T10:18:00,MC-08-029,CELL-08,TECH-05,Complete PM,Android,WO-1016,
SCN-70097,2026-01-01T09:40:00,MC-08-030,CELL-08,TECH-04,Start PM,Android,WO-1016,
SCN-70098,2026-01-01T10:47:00,MC-08-030,CELL-08,TECH-04,Complete PM,Android,WO-1016,
SCN-70099,2026-01-09T07:16:00,MC-01-001,CELL-01,TECH-06,Start PM,Android,WO-1017,
SCN-70100,2026-01-09T08:49:00,MC-01-001,CELL-01,TECH-06,Complete PM,Android,WO-1017,
SCN-70101,2026-01-09T08:44:00,MC-01-002,CELL-01,TECH-03,Start PM,Android,WO-1017,
SCN-70102,2026-01-09T09:56:00,MC-01-002,CELL-01,TECH-03,Complete PM,Android,WO-1017,
SCN-70103,2026-01-09T09:49:00,MC-01-003,CELL-01,TECH-06,Start PM,Android,WO-1017,
SCN-70104,2026-01-09T11:59:00,MC-01-003,CELL-01,TECH-06,Complete PM,Android,WO-1017,
SCN-70105,2026-01-09T10:40:00,MC-01-004,CELL-01,TECH-02,Start PM,Android,WO-1017,
SCN-70106,2026-01-09T11:39:00,MC-01-004,CELL-01,TECH-02,Complete PM,Android,WO-1017,
SCN-70107,2026-01-19T07:37:00,MC-02-005,CELL-02,TECH-01,Start PM,Android,WO-1018,
SCN-70108,2026-01-19T08:58:00,MC-02-005,CELL-02,TECH-01,Complete PM,Android,WO-1018,
SCN-70109,2026-01-19T08:33:00,MC-02-006,CELL-02,TECH-03,Start PM,Android,WO-1018,
SCN-70110,2026-01-19T10:12:00,MC-02-006,CELL-02,TECH-03,Complete PM,Android,WO-1018,
SCN-70111,2026-01-19T09:07:00,MC-02-007,CELL-02,TECH-03,Start PM,Android,WO-1018,
SCN-70112,2026-01-19T10:41:00,MC-02-007,CELL-02,TECH-03,Complete PM,Android,WO-1018,
SCN-70113,2026-01-19T10:29:00,MC-02-008,CELL-02,TECH-01,Start PM,Android,WO-1018,
SCN-70114,2026-01-19T11:51:00,MC-02-008,CELL-02,TECH-01,Complete PM,Android,WO-1018,
SCN-70115,2026-01-22T07:07:00,MC-03-009,CELL-03,TECH-04,Start PM,Android,WO-1019,
SCN-70116,2026-01-22T07:59:00,MC-03-009,CELL-03,TECH-04,Complete PM,Android,WO-1019,
SCN-70117,2026-01-22T08:08:00,MC-03-010,CELL-03,TECH-05,Start PM,Android,WO-1019,
SCN-70118,2026-01-22T09:32:00,MC-03-010,CELL-03,TECH-05,Complete PM,Android,WO-1019,
SCN-70119,2026-01-22T09:44:00,MC-03-011,CELL-03,TECH-06,Start PM,Android,WO-1019,
SCN-70120,2026-01-22T11:28:00,MC-03-011,CELL-03,TECH-06,Complete PM,Android,WO-1019,
SCN-70121,2026-01-22T10:39:00,MC-03-012,CELL-03,TECH-04,Start PM,Android,WO-1019,
SCN-70122,2026-01-22T12:06:00,MC-03-012,CELL-03,TECH-04,Complete PM,Android,WO-1019,
SCN-70123,2026-02-03T07:38:00,MC-04-013,CELL-04,TECH-06,Start PM,Android,WO-1020,
SCN-70124,2026-02-03T08:15:00,MC-04-013,CELL-04,TECH-06,Complete PM,Android,WO-1020,
SCN-70125,2026-02-03T08:13:00,MC-04-014,CELL-04,TECH-05,Start PM,Android,WO-1020,
SCN-70126,2026-02-03T10:03:00,MC-04-014,CELL-04,TECH-05,Complete PM,Android,WO-1020,
SCN-70127,2026-02-03T09:17:00,MC-04-015,CELL-04,TECH-01,Start PM,Android,WO-1020,
SCN-70128,2026-02-03T11:41:00,MC-04-015,CELL-04,TECH-01,Complete PM,Android,WO-1020,
SCN-70129,2026-02-03T10:20:00,MC-04-016,CELL-04,TECH-05,Start PM,Android,WO-1020,
SCN-70130,2026-02-03T10:57:00,MC-04-016,CELL-04,TECH-05,Complete PM,Android,WO-1020,
SCN-70131,2026-02-12T07:33:00,MC-05-017,CELL-05,TECH-06,Start PM,Android,WO-1021,
SCN-70132,2026-02-12T08:46:00,MC-05-017,CELL-05,TECH-06,Complete PM,Android,WO-1021,
SCN-70133,2026-02-12T08:27:00,MC-05-018,CELL-05,TECH-04,Start PM,Android,WO-1021,
SCN-70134,2026-02-12T10:29:00,MC-05-018,CELL-05,TECH-04,Complete PM,Android,WO-1021,
SCN-70135,2026-02-12T09:38:00,MC-05-019,CELL-05,TECH-03,Start PM,Android,WO-1021,
SCN-70136,2026-02-12T10:31:00,MC-05-019,CELL-05,TECH-03,Complete PM,Android,WO-1021,
SCN-70137,2026-02-12T10:24:00,MC-05-020,CELL-05,TECH-03,Start PM,Android,WO-1021,
SCN-70138,2026-02-12T12:15:00,MC-05-020,CELL-05,TECH-03,Complete PM,Android,WO-1021,
SCN-70139,2026-02-23T07:25:00,MC-06-021,CELL-06,TECH-04,Start PM,Android,WO-1022,
SCN-70140,2026-02-23T08:53:00,MC-06-021,CELL-06,TECH-04,Complete PM,Android,WO-1022,
SCN-70141,2026-02-23T08:09:00,MC-06-022,CELL-06,TECH-03,Start PM,Android,WO-1022,
SCN-70142,2026-02-23T10:11:00,MC-06-022,CELL-06,TECH-03,Complete PM,Android,WO-1022,
SCN-70143,2026-02-23T09:35:00,MC-06-023,CELL-06,TECH-05,Start PM,Android,WO-1022,
SCN-70144,2026-02-23T10:52:00,MC-06-023,CELL-06,TECH-05,Complete PM,Android,WO-1022,
SCN-70145,2026-02-23T10:46:00,MC-06-024,CELL-06,TECH-04,Start PM,Android,WO-1022,
SCN-70146,2026-02-23T11:27:00,MC-06-024,CELL-06,TECH-04,Complete PM,Android,WO-1022,
SCN-70147,2026-02-20T07:17:00,MC-07-025,CELL-07,TECH-06,Start PM,Android,WO-1023,
SCN-70148,2026-02-20T07:55:00,MC-07-025,CELL-07,TECH-06,Complete PM,Android,WO-1023,
SCN-70149,2026-02-20T08:11:00,MC-07-026,CELL-07,TECH-01,Start PM,Android,WO-1023,
SCN-70150,2026-02-20T10:37:00,MC-07-026,CELL-07,TECH-01,Complete PM,Android,WO-1023,
SCN-70151,2026-02-20T09:05:00,MC-07-027,CELL-07,TECH-01,Start PM,Android,WO-1023,
SCN-70152,2026-02-20T11:15:00,MC-07-027,CELL-07,TECH-01,Complete PM,Android,WO-1023,
SCN-70153,2026-03-01T07:31:00,MC-08-028,CELL-08,TECH-04,Start PM,Android,WO-1024,
SCN-70154,2026-03-01T09:23:00,MC-08-028,CELL-08,TECH-04,Complete PM,Android,WO-1024,
SCN-70155,2026-03-01T08:07:00,MC-08-029,CELL-08,TECH-05,Start PM,Android,WO-1024,
SCN-70156,2026-03-01T09:26:00,MC-08-029,CELL-08,TECH-05,Complete PM,Android,WO-1024,
SCN-70157,2026-03-01T09:37:00,MC-08-030,CELL-08,TECH-06,Start PM,Android,WO-1024,
SCN-70158,2026-03-01T11:14:00,MC-08-030,CELL-08,TECH-06,Complete PM,Android,WO-1024,
SCN-70159,2026-03-12T07:47:00,MC-01-001,CELL-01,TECH-04,Start PM,Android,WO-1025,
SCN-70160,2026-03-12T09:17:00,MC-01-001,CELL-01,TECH-04,Complete PM,Android,WO-1025,
SCN-70161,2026-03-12T08:04:00,MC-01-002,CELL-01,TECH-03,Start PM,Android,WO-1025,
SCN-70162,2026-03-12T09:29:00,MC-01-002,CELL-01,TECH-03,Complete PM,Android,WO-1025,
SCN-70163,2026-03-12T09:36:00,MC-01-003,CELL-01,TECH-04,Start PM,Android,WO-1025,
SCN-70164,2026-03-12T11:02:00,MC-01-003,CELL-01,TECH-04,Complete PM,Android,WO-1025,
SCN-70165,2026-03-12T10:10:00,MC-01-004,CELL-01,TECH-03,Start PM,Android,WO-1025,
SCN-70166,2026-03-12T12:27:00,MC-01-004,CELL-01,TECH-03,Complete PM,Android,WO-1025,
SCN-70167,2026-03-21T07:07:00,MC-02-005,CELL-02,TECH-06,Start PM,Android,WO-1026,
SCN-70168,2026-03-21T08:49:00,MC-02-005,CELL-02,TECH-06,Complete PM,Android,WO-1026,
SCN-70169,2026-03-21T08:15:00,MC-02-006,CELL-02,TECH-02,Start PM,Android,WO-1026,
SCN-70170,2026-03-21T09:03:00,MC-02-006,CELL-02,TECH-02,Complete PM,Android,WO-1026,
SCN-70171,2026-03-21T09:09:00,MC-02-007,CELL-02,TECH-05,Start PM,Android,WO-1026,
SCN-70172,2026-03-21T11:21:00,MC-02-007,CELL-02,TECH-05,Complete PM,Android,WO-1026,
SCN-70173,2026-03-21T10:48:00,MC-02-008,CELL-02,TECH-05,Start PM,Android,WO-1026,
SCN-70174,2026-03-21T12:37:00,MC-02-008,CELL-02,TECH-05,Complete PM,Android,WO-1026,
SCN-70175,2026-03-28T07:37:00,MC-03-009,CELL-03,TECH-03,Start PM,Android,WO-1027,
SCN-70176,2026-03-28T08:19:00,MC-03-009,CELL-03,TECH-03,Complete PM,Android,WO-1027,
SCN-70177,2026-03-28T08:04:00,MC-03-010,CELL-03,TECH-03,Start PM,Android,WO-1027,
SCN-70178,2026-03-28T10:01:00,MC-03-010,CELL-03,TECH-03,Complete PM,Android,WO-1027,
SCN-70179,2026-03-28T09:29:00,MC-03-011,CELL-03,TECH-04,Start PM,Android,WO-1027,
SCN-70180,2026-03-28T11:18:00,MC-03-011,CELL-03,TECH-04,Complete PM,Android,WO-1027,
SCN-70181,2026-03-28T10:12:00,MC-03-012,CELL-03,TECH-06,Start PM,Android,WO-1027,
SCN-70182,2026-03-28T11:28:00,MC-03-012,CELL-03,TECH-06,Complete PM,Android,WO-1027,
SCN-70183,2026-03-30T07:10:00,MC-04-013,CELL-04,TECH-05,Start PM,Android,WO-1028,
SCN-70184,2026-03-30T08:31:00,MC-04-013,CELL-04,TECH-05,Complete PM,Android,WO-1028,
SCN-70185,2026-03-30T08:41:00,MC-04-014,CELL-04,TECH-06,Start PM,Android,WO-1028,
SCN-70186,2026-03-30T09:58:00,MC-04-014,CELL-04,TECH-06,Complete PM,Android,WO-1028,
SCN-70187,2026-03-30T09:38:00,MC-04-015,CELL-04,TECH-06,Start PM,Android,WO-1028,
SCN-70188,2026-03-30T12:04:00,MC-04-015,CELL-04,TECH-06,Complete PM,Android,WO-1028,
SCN-70189,2026-03-30T10:41:00,MC-04-016,CELL-04,TECH-03,Start PM,Android,WO-1028,
SCN-70190,2026-03-30T12:45:00,MC-04-016,CELL-04,TECH-03,Complete PM,Android,WO-1028,
SCN-70191,2026-04-16T07:19:00,MC-05-017,CELL-05,TECH-03,Start PM,Android,WO-1029,
SCN-70192,2026-04-16T08:17:00,MC-05-017,CELL-05,TECH-03,Complete PM,Android,WO-1029,
SCN-70193,2026-04-16T08:32:00,MC-05-018,CELL-05,TECH-01,Start PM,Android,WO-1029,
SCN-70194,2026-04-16T10:45:00,MC-05-018,CELL-05,TECH-01,Complete PM,Android,WO-1029,
SCN-70195,2026-04-16T09:08:00,MC-05-019,CELL-05,TECH-05,Start PM,Android,WO-1029,
SCN-70196,2026-04-16T10:59:00,MC-05-019,CELL-05,TECH-05,Complete PM,Android,WO-1029,
SCN-70197,2026-04-16T10:46:00,MC-05-020,CELL-05,TECH-02,Start PM,Android,WO-1029,
SCN-70198,2026-04-16T12:17:00,MC-05-020,CELL-05,TECH-02,Complete PM,Android,WO-1029,
SCN-70199,2026-04-18T07:32:00,MC-06-021,CELL-06,TECH-04,Start PM,Android,WO-1030,
SCN-70200,2026-04-18T09:14:00,MC-06-021,CELL-06,TECH-04,Complete PM,Android,WO-1030,
SCN-70201,2026-04-18T08:38:00,MC-06-022,CELL-06,TECH-02,Start PM,Android,WO-1030,
SCN-70202,2026-04-18T09:30:00,MC-06-022,CELL-06,TECH-02,Complete PM,Android,WO-1030,
SCN-70203,2026-04-18T09:18:00,MC-06-023,CELL-06,TECH-01,Start PM,Android,WO-1030,
SCN-70204,2026-04-18T10:03:00,MC-06-023,CELL-06,TECH-01,Complete PM,Android,WO-1030,
SCN-70205,2026-04-18T10:05:00,MC-06-024,CELL-06,TECH-04,Start PM,Android,WO-1030,
SCN-70206,2026-04-18T11:08:00,MC-06-024,CELL-06,TECH-04,Complete PM,Android,WO-1030,
SCN-70207,2026-04-17T07:44:00,MC-07-025,CELL-07,TECH-04,Start PM,Android,WO-1031,
SCN-70208,2026-04-17T10:05:00,MC-07-025,CELL-07,TECH-04,Complete PM,Android,WO-1031,
SCN-70209,2026-04-17T08:01:00,MC-07-026,CELL-07,TECH-01,Start PM,Android,WO-1031,
SCN-70210,2026-04-17T09:08:00,MC-07-026,CELL-07,TECH-01,Complete PM,Android,WO-1031,
SCN-70211,2026-04-17T09:07:00,MC-07-027,CELL-07,TECH-04,Start PM,Android,WO-1031,
SCN-70212,2026-04-17T11:21:00,MC-07-027,CELL-07,TECH-04,Complete PM,Android,WO-1031,
SCN-70213,2026-05-04T07:00:00,MC-08-028,CELL-08,TECH-04,Start PM,Android,WO-1032,
SCN-70214,2026-05-04T08:53:00,MC-08-028,CELL-08,TECH-04,Complete PM,Android,WO-1032,
SCN-70215,2026-05-04T08:42:00,MC-08-029,CELL-08,TECH-02,Start PM,Android,WO-1032,
SCN-70216,2026-05-04T10:42:00,MC-08-029,CELL-08,TECH-02,Complete PM,Android,WO-1032,
SCN-70217,2026-05-04T09:33:00,MC-08-030,CELL-08,TECH-01,Start PM,Android,WO-1032,
SCN-70218,2026-05-04T11:17:00,MC-08-030,CELL-08,TECH-01,Complete PM,Android,WO-1032,
SCN-70219,2026-05-08T07:42:00,MC-01-001,CELL-01,TECH-06,Start PM,Android,WO-1033,
SCN-70220,2026-05-08T09:37:00,MC-01-001,CELL-01,TECH-06,Complete PM,Android,WO-1033,
SCN-70221,2026-05-08T08:41:00,MC-01-002,CELL-01,TECH-03,Start PM,Android,WO-1033,
SCN-70222,2026-05-08T09:38:00,MC-01-002,CELL-01,TECH-03,Complete PM,Android,WO-1033,
SCN-70223,2026-05-08T09:02:00,MC-01-003,CELL-01,TECH-04,Start PM,Android,WO-1033,
SCN-70224,2026-05-08T10:14:00,MC-01-003,CELL-01,TECH-04,Complete PM,Android,WO-1033,
SCN-70225,2026-05-08T10:20:00,MC-01-004,CELL-01,TECH-01,Start PM,Android,WO-1033,
SCN-70226,2026-05-08T11:34:00,MC-01-004,CELL-01,TECH-01,Complete PM,Android,WO-1033,
SCN-70227,2026-05-14T07:27:00,MC-02-005,CELL-02,TECH-03,Start PM,Android,WO-1034,
SCN-70228,2026-05-14T09:55:00,MC-02-005,CELL-02,TECH-03,Complete PM,Android,WO-1034,
SCN-70229,2026-05-14T08:31:00,MC-02-006,CELL-02,TECH-06,Start PM,Android,WO-1034,
SCN-70230,2026-05-14T09:53:00,MC-02-006,CELL-02,TECH-06,Complete PM,Android,WO-1034,
SCN-70231,2026-05-14T09:34:00,MC-02-007,CELL-02,TECH-02,Start PM,Android,WO-1034,
SCN-70232,2026-05-14T10:46:00,MC-02-007,CELL-02,TECH-02,Complete PM,Android,WO-1034,
SCN-70233,2026-05-14T10:18:00,MC-02-008,CELL-02,TECH-06,Start PM,Android,WO-1034,
SCN-70234,2026-05-14T11:32:00,MC-02-008,CELL-02,TECH-06,Complete PM,Android,WO-1034,
SCN-70235,2026-05-26T07:32:00,MC-03-009,CELL-03,TECH-03,Start PM,Android,WO-1035,
SCN-70236,2026-05-26T09:49:00,MC-03-009,CELL-03,TECH-03,Complete PM,Android,WO-1035,
SCN-70237,2026-05-26T08:15:00,MC-03-010,CELL-03,TECH-01,Start PM,Android,WO-1035,
SCN-70238,2026-05-26T10:29:00,MC-03-010,CELL-03,TECH-01,Complete PM,Android,WO-1035,
SCN-70239,2026-05-26T09:02:00,MC-03-011,CELL-03,TECH-05,Start PM,Android,WO-1035,
SCN-70240,2026-05-26T10:54:00,MC-03-011,CELL-03,TECH-05,Complete PM,Android,WO-1035,
SCN-70241,2026-05-26T10:33:00,MC-03-012,CELL-03,TECH-02,Start PM,Android,WO-1035,
SCN-70242,2026-05-26T11:54:00,MC-03-012,CELL-03,TECH-02,Complete PM,Android,WO-1035,
SCN-70243,2026-05-30T07:18:00,MC-04-013,CELL-04,TECH-05,Start PM,Android,WO-1036,
SCN-70244,2026-05-30T09:21:00,MC-04-013,CELL-04,TECH-05,Complete PM,Android,WO-1036,
SCN-70245,2026-05-30T08:20:00,MC-04-014,CELL-04,TECH-06,Start PM,Android,WO-1036,
SCN-70246,2026-05-30T10:20:00,MC-04-014,CELL-04,TECH-06,Complete PM,Android,WO-1036,
SCN-70247,2026-05-30T09:45:00,MC-04-015,CELL-04,TECH-06,Start PM,Android,WO-1036,
SCN-70248,2026-05-30T11:49:00,MC-04-015,CELL-04,TECH-06,Complete PM,Android,WO-1036,
SCN-70249,2026-05-30T10:50:00,MC-04-016,CELL-04,TECH-02,Start PM,Android,WO-1036,
SCN-70250,2026-05-30T11:42:00,MC-04-016,CELL-04,TECH-02,Complete PM,Android,WO-1036,
SCN-70251,2026-06-07T07:08:00,MC-05-017,CELL-05,TECH-01,Start PM,Android,WO-1037,
SCN-70252,2026-06-07T08:23:00,MC-05-017,CELL-05,TECH-01,Complete PM,Android,WO-1037,
SCN-70253,2026-06-07T08:40:00,MC-05-018,CELL-05,TECH-05,Start PM,Android,WO-1037,
SCN-70254,2026-06-07T10:30:00,MC-05-018,CELL-05,TECH-05,Complete PM,Android,WO-1037,
SCN-70255,2026-06-07T09:07:00,MC-05-019,CELL-05,TECH-01,Start PM,Android,WO-1037,
SCN-70256,2026-06-07T10:48:00,MC-05-019,CELL-05,TECH-01,Complete PM,Android,WO-1037,
SCN-70257,2026-06-07T10:33:00,MC-05-020,CELL-05,TECH-03,Start PM,Android,WO-1037,
SCN-70258,2026-06-07T13:02:00,MC-05-020,CELL-05,TECH-03,Complete PM,Android,WO-1037,
SCN-70259,2026-06-20T07:38:00,MC-06-021,CELL-06,TECH-06,Start PM,Android,WO-1038,
SCN-70260,2026-06-20T08:56:00,MC-06-021,CELL-06,TECH-06,Complete PM,Android,WO-1038,
SCN-70261,2026-06-20T08:49:00,MC-06-022,CELL-06,TECH-06,Start PM,Android,WO-1038,
SCN-70262,2026-06-20T10:37:00,MC-06-022,CELL-06,TECH-06,Complete PM,Android,WO-1038,
SCN-70263,2026-06-20T09:34:00,MC-06-023,CELL-06,TECH-06,Start PM,Android,WO-1038,
SCN-70264,2026-06-20T10:46:00,MC-06-023,CELL-06,TECH-06,Complete PM,Android,WO-1038,
SCN-70265,2026-06-20T10:43:00,MC-06-024,CELL-06,TECH-02,Start PM,Android,WO-1038,
SCN-70266,2026-06-20T12:09:00,MC-06-024,CELL-06,TECH-02,Complete PM,Android,WO-1038,
SCN-70267,2026-06-22T07:35:00,MC-07-025,CELL-07,TECH-05,Start PM,Android,WO-1039,
SCN-70268,2026-06-22T08:23:00,MC-07-025,CELL-07,TECH-05,Complete PM,Android,WO-1039,
SCN-70269,2026-06-22T08:03:00,MC-07-026,CELL-07,TECH-01,Start PM,Android,WO-1039,
SCN-70270,2026-06-22T09:15:00,MC-07-026,CELL-07,TECH-01,Complete PM,Android,WO-1039,
SCN-70271,2026-06-22T09:20:00,MC-07-027,CELL-07,TECH-06,Start PM,Android,WO-1039,
SCN-70272,2026-06-22T10:19:00,MC-07-027,CELL-07,TECH-06,Complete PM,Android,WO-1039,
SCN-70273,2026-06-28T07:43:00,MC-08-028,CELL-08,TECH-06,Start PM,Android,WO-1040,
SCN-70274,2026-06-28T09:18:00,MC-08-028,CELL-08,TECH-06,Complete PM,Android,WO-1040,
SCN-70275,2026-06-28T08:27:00,MC-08-029,CELL-08,TECH-01,Start PM,Android,WO-1040,
SCN-70276,2026-06-28T09:19:00,MC-08-029,CELL-08,TECH-01,Complete PM,Android,WO-1040,
SCN-70277,2026-06-28T09:03:00,MC-08-030,CELL-08,TECH-04,Start PM,Android,WO-1040,
SCN-70278,2026-06-28T10:50:00,MC-08-030,CELL-08,TECH-04,Complete PM,Android,WO-1040,
SCN-70279,2026-07-07T07:35:00,MC-01-001,CELL-01,TECH-03,Start PM,Android,WO-1041,
SCN-70280,2026-07-07T08:56:00,MC-01-001,CELL-01,TECH-03,Complete PM,Android,WO-1041,
SCN-70281,2026-07-07T08:33:00,MC-01-002,CELL-01,TECH-04,Start PM,Android,WO-1041,
SCN-70282,2026-07-07T10:06:00,MC-01-002,CELL-01,TECH-04,Complete PM,Android,WO-1041,
SCN-70283,2026-07-07T09:10:00,MC-01-003,CELL-01,TECH-03,Start PM,Android,WO-1041,
SCN-70284,2026-07-07T10:35:00,MC-01-003,CELL-01,TECH-03,Complete PM,Android,WO-1041,
SCN-70285,2026-07-07T10:19:00,MC-01-004,CELL-01,TECH-05,Start PM,Android,WO-1041,
SCN-70286,2026-07-07T11:54:00,MC-01-004,CELL-01,TECH-05,Complete PM,Android,WO-1041,
SCN-70287,2026-07-10T07:10:00,MC-02-005,CELL-02,TECH-04,Start PM,Android,WO-1042,
SCN-70288,2026-07-10T08:52:00,MC-02-005,CELL-02,TECH-04,Complete PM,Android,WO-1042,
SCN-70289,2026-07-10T08:36:00,MC-02-006,CELL-02,TECH-01,Start PM,Android,WO-1042,
SCN-70290,2026-07-10T10:40:00,MC-02-006,CELL-02,TECH-01,Complete PM,Android,WO-1042,
SCN-70291,2026-07-10T09:26:00,MC-02-007,CELL-02,TECH-03,Start PM,Android,WO-1042,
SCN-70292,2026-07-10T10:20:00,MC-02-007,CELL-02,TECH-03,Complete PM,Android,WO-1042,
SCN-70293,2026-07-10T10:49:00,MC-02-008,CELL-02,TECH-05,Start PM,Android,WO-1042,
SCN-70294,2026-07-10T12:42:00,MC-02-008,CELL-02,TECH-05,Complete PM,Android,WO-1042,
SCN-70295,2026-07-24T07:43:00,MC-03-009,CELL-03,TECH-06,Start PM,Android,WO-1043,
SCN-70296,2026-07-24T09:40:00,MC-03-009,CELL-03,TECH-06,Complete PM,Android,WO-1043,
SCN-70297,2026-07-24T08:49:00,MC-03-010,CELL-03,TECH-03,Start PM,Android,WO-1043,
SCN-70298,2026-07-24T10:00:00,MC-03-010,CELL-03,TECH-03,Complete PM,Android,WO-1043,
SCN-70299,2026-07-24T09:35:00,MC-03-011,CELL-03,TECH-03,Start PM,Android,WO-1043,
SCN-70300,2026-07-24T11:51:00,MC-03-011,CELL-03,TECH-03,Complete PM,Android,WO-1043,
SCN-70301,2026-07-24T10:18:00,MC-03-012,CELL-03,TECH-02,Start PM,Android,WO-1043,
SCN-70302,2026-07-24T10:58:00,MC-03-012,CELL-03,TECH-02,Complete PM,Android,WO-1043,
SCN-70303,2026-07-30T07:15:00,MC-04-013,CELL-04,TECH-05,Start PM,Android,WO-1044,
SCN-70304,2026-07-30T08:21:00,MC-04-013,CELL-04,TECH-05,Complete PM,Android,WO-1044,
SCN-70305,2026-07-30T08:45:00,MC-04-014,CELL-04,TECH-03,Start PM,Android,WO-1044,
SCN-70306,2026-07-30T10:20:00,MC-04-014,CELL-04,TECH-03,Complete PM,Android,WO-1044,
SCN-70307,2026-07-30T09:41:00,MC-04-015,CELL-04,TECH-04,Start PM,Android,WO-1044,
SCN-70308,2026-07-30T12:08:00,MC-04-015,CELL-04,TECH-04,Complete PM,Android,WO-1044,
SCN-70309,2026-07-30T10:49:00,MC-04-016,CELL-04,TECH-01,Start PM,Android,WO-1044,
SCN-70310,2026-07-30T11:35:00,MC-04-016,CELL-04,TECH-01,Complete PM,Android,WO-1044,
SCN-70311,2026-08-02T07:18:00,MC-05-017,CELL-05,TECH-03,Start PM,Android,WO-1045,
SCN-70312,2026-08-02T08:51:00,MC-05-017,CELL-05,TECH-03,Complete PM,Android,WO-1045,
SCN-70313,2026-08-02T08:11:00,MC-05-018,CELL-05,TECH-06,Start PM,Android,WO-1045,
SCN-70314,2026-08-02T08:47:00,MC-05-018,CELL-05,TECH-06,Complete PM,Android,WO-1045,
SCN-70315,2026-08-02T09:25:00,MC-05-019,CELL-05,TECH-06,Start PM,Android,WO-1045,
SCN-70316,2026-08-02T11:45:00,MC-05-019,CELL-05,TECH-06,Complete PM,Android,WO-1045,
SCN-70317,2026-08-02T10:30:00,MC-05-020,CELL-05,TECH-02,Start PM,Android,WO-1045,
SCN-70318,2026-08-02T11:46:00,MC-05-020,CELL-05,TECH-02,Complete PM,Android,WO-1045,
SCN-70319,2026-08-09T07:45:00,MC-06-021,CELL-06,TECH-05,Start PM,Android,WO-1046,
SCN-70320,2026-08-09T09:58:00,MC-06-021,CELL-06,TECH-05,Complete PM,Android,WO-1046,
SCN-70321,2026-08-09T08:23:00,MC-06-022,CELL-06,TECH-03,Start PM,Android,WO-1046,
SCN-70322,2026-08-09T10:16:00,MC-06-022,CELL-06,TECH-03,Complete PM,Android,WO-1046,
SCN-70323,2026-08-09T09:26:00,MC-06-023,CELL-06,TECH-03,Start PM,Android,WO-1046,
SCN-70324,2026-08-09T11:30:00,MC-06-023,CELL-06,TECH-03,Complete PM,Android,WO-1046,
SCN-70325,2026-08-09T10:42:00,MC-06-024,CELL-06,TECH-05,Start PM,Android,WO-1046,
SCN-70326,2026-08-09T13:02:00,MC-06-024,CELL-06,TECH-05,Complete PM,Android,WO-1046,
SCN-70327,2026-08-08T07:07:00,MC-05-017,CELL-05,TECH-05,Start PM,Android,WO-1047,
SCN-70328,2026-08-08T07:49:00,MC-05-017,CELL-05,TECH-05,Complete PM,Android,WO-1047,
SCN-70329,2026-08-08T08:33:00,MC-05-018,CELL-05,TECH-03,Start PM,Android,WO-1047,
SCN-70330,2026-08-08T10:04:00,MC-05-018,CELL-05,TECH-03,Complete PM,Android,WO-1047,
SCN-70331,2026-08-21T07:35:00,MC-02-005,CELL-02,TECH-01,Start PM,Android,WO-1048,
SCN-70332,2026-08-21T09:09:00,MC-02-005,CELL-02,TECH-01,Complete PM,Android,WO-1048,
SCN-70333,2026-08-28T07:34:00,MC-06-021,CELL-06,TECH-06,Start PM,Android,WO-1051,
SCN-70334,2026-08-28T08:26:00,MC-06-021,CELL-06,TECH-06,Complete PM,Android,WO-1051,
SCN-70335,2026-08-28T08:34:00,MC-06-022,CELL-06,TECH-02,Start PM,Android,WO-1051,
SCN-70336,2026-08-28T09:59:00,MC-06-022,CELL-06,TECH-02,Complete PM,Android,WO-1051,
