AbnormalityID,Source,SourceRefID,MachineID,MachineName,CellID,CellName,Area,Category,Severity,Description,ReportedByTechID,ReportedByName,ReportedDate,Status,ClosedDate,CorrectiveAction,OwnerFunction,EscalationRequired,PhotoURL
ABN-00001,PM Checklist,WO-00001,MC-001,CNC Lathe TL-01,CELL-01,CNC Turning Line A,Machine Shop,Oil / coolant leak,Medium,Task 8: Check hydraulic pressure - outside standard (35 - 40 bar),TECH-02,Suresh Babu,2024-09-06,Closed,2024-09-29,Corrective action completed and verified,Production,No,/sites/PMSystem/Photos/MC-001_1.jpg
ABN-00014,PM Checklist,WO-00057,MC-007,CNC Lathe TL-05,CELL-02,CNC Turning Line B,Machine Shop,Overheating,High,Task 10: Tailstock / chuck clamping pressure - outside standard (18 - 22 bar),TECH-02,Suresh Babu,2024-09-14,Closed,2024-09-27,Corrective action completed and verified,Maintenance,Yes,/sites/PMSystem/Photos/MC-007_14.jpg
ABN-00002,PM Checklist,WO-00003,MC-003,CNC Lathe TL-03,CELL-01,CNC Turning Line A,Machine Shop,Loose / missing fastener,Medium,Task 4: Check way lube level and top up - outside standard (Above MIN mark),TECH-03,Mohammed Rafi,2024-09-15,Closed,2024-09-27,Corrective action completed and verified,Production,No,/sites/PMSystem/Photos/MC-003_2.jpg
ABN-00003,PM Checklist,WO-00003,MC-003,CNC Lathe TL-03,CELL-01,CNC Turning Line A,Machine Shop,Abnormal vibration,High,Task 10: Tailstock / chuck clamping pressure - outside standard (18 - 22 bar),TECH-03,Mohammed Rafi,2024-09-15,Closed,2024-10-02,Corrective action completed and verified,Maintenance,Yes,/sites/PMSystem/Photos/MC-003_3.jpg
ABN-00015,PM Checklist,WO-00058,MC-008,VMC MC-01,CELL-02,CNC Turning Line B,Machine Shop,Abnormal noise,High,Task 12: Check chiller for spindle - temp and level - outside standard (20 +/- 2 deg C),TECH-01,Arun Kumar,2024-09-18,Closed,2024-10-17,Corrective action completed and verified,Production,Yes,/sites/PMSystem/Photos/MC-008_15.jpg
ABN-00016,PM Checklist,WO-00059,MC-009,VMC MC-02,CELL-02,CNC Turning Line B,Machine Shop,Air leak,High,"Task 2: Clean work enclosure, chip auger and coolant tank - outside standard (No chip accumulation)",TECH-03,Mohammed Rafi,2024-09-26,Open,,,Production,Yes,/sites/PMSystem/Photos/MC-009_16.jpg
ABN-00198,QR Walk-by,,MC-017,Quench Oil Chiller CH-01,CELL-04,Heat Treatment,Heat Treat,Wiring / cable damage,High,Observed during shop floor round - logged via machine QR,TECH-01,Arun Kumar,2024-10-07,Closed,2024-10-15,Rectified during next available window,Maintenance,Yes,/sites/PMSystem/Photos/MC-017_198.jpg
ABN-00200,QR Walk-by,,MC-024,Paint Booth PB-01,CELL-06,Paint & Finishing,Finishing,Abnormal vibration,Low,Observed during shop floor round - logged via machine QR,TECH-05,Prakash R,2024-10-07,Closed,2024-10-16,Rectified during next available window,Maintenance,No,/sites/PMSystem/Photos/MC-024_200.jpg
ABN-00115,QR Walk-by,,MC-031,Hyd Press HP-01,CELL-08,Press Shop,Fabrication,Corrosion / rust,Low,Observed during shop floor round - logged via machine QR,TECH-08,Karthik V,2024-10-14,Closed,2024-11-01,Rectified during next available window,Maintenance,No,/sites/PMSystem/Photos/MC-031_115.jpg
ABN-00182,QR Walk-by,,MC-030,Weld Compressor AC-02,CELL-07,Robotic Welding Bay,Fabrication,Housekeeping / 5S issue,Medium,Observed during shop floor round - logged via machine QR,TECH-05,Prakash R,2024-10-21,Closed,2024-10-22,Rectified during next available window,Production,No,/sites/PMSystem/Photos/MC-030_182.jpg
ABN-00183,QR Walk-by,,MC-003,CNC Lathe TL-03,CELL-01,CNC Turning Line A,Machine Shop,Oil / coolant leak,Low,Observed during shop floor round - logged via machine QR,TECH-10,Naveen Raj,2024-10-25,Closed,2024-11-08,Rectified during next available window,Maintenance,No,/sites/PMSystem/Photos/MC-003_183.jpg
ABN-00199,QR Walk-by,,MC-011,Gear Hobber GH-02,CELL-03,Gear Cutting Cell,Machine Shop,Warning lamp / alarm active,Medium,Observed during shop floor round - logged via machine QR,TECH-10,Naveen Raj,2024-10-25,Closed,2024-11-26,Rectified during next available window,Production,No,/sites/PMSystem/Photos/MC-011_199.jpg
ABN-00202,QR Walk-by,,MC-010,Gear Hobber GH-01,CELL-03,Gear Cutting Cell,Machine Shop,Overheating,Medium,Observed during shop floor round - logged via machine QR,TECH-09,Sathish Kumar,2024-10-31,Closed,2024-11-06,Rectified during next available window,Production,No,/sites/PMSystem/Photos/MC-010_202.jpg
ABN-00127,QR Walk-by,,MC-016,Tempering Furnace TF-01,CELL-04,Heat Treatment,Heat Treat,Loose / missing fastener,Medium,Observed during shop floor round - logged via machine QR,TECH-02,Suresh Babu,2024-11-02,Closed,2024-11-10,Rectified during next available window,Production,No,/sites/PMSystem/Photos/MC-016_127.jpg
ABN-00086,QR Walk-by,,MC-020,Assembly Stn AS-02,CELL-05,Assembly Line 1,Assembly,Wiring / cable damage,Low,Observed during shop floor round - logged via machine QR,TECH-05,Prakash R,2024-11-10,Closed,2024-11-22,Rectified during next available window,Production,No,/sites/PMSystem/Photos/MC-020_86.jpg
ABN-00083,QR Walk-by,,MC-027,Robot Weld Cell RW-01,CELL-07,Robotic Welding Bay,Fabrication,Air leak,Low,Observed during shop floor round - logged via machine QR,TECH-09,Sathish Kumar,2024-11-11,Closed,2024-12-18,Rectified during next available window,Maintenance,No,/sites/PMSystem/Photos/MC-027_83.jpg
ABN-00053,PM Checklist,WO-00186,MC-020,Assembly Stn AS-02,CELL-05,Assembly Line 1,Assembly,Safety device bypassed,High,Task 8: Check station lighting and andon - outside standard (>= 500 lux),TECH-10,Naveen Raj,2024-11-13,Closed,2024-11-14,Corrective action completed and verified,Production,Yes,/sites/PMSystem/Photos/MC-020_53.jpg
ABN-00054,PM Checklist,WO-00188,MC-022,Leak Test Rig LT-01,CELL-05,Assembly Line 1,Assembly,Oil / coolant leak,Medium,Task 3: Torque tool calibration verification - outside standard (+/- 3 % of setpoint),TECH-10,Naveen Raj,2024-11-20,Closed,2024-12-06,Corrective action completed and verified,Production,No,/sites/PMSystem/Photos/MC-022_54.jpg
ABN-00136,QR Walk-by,,MC-002,CNC Lathe TL-02,CELL-01,CNC Turning Line A,Machine Shop,Air leak,Low,Observed during shop floor round - logged via machine QR,TECH-10,Naveen Raj,2024-11-23,Closed,2024-12-07,Rectified during next available window,Safety,No,/sites/PMSystem/Photos/MC-002_136.jpg
ABN-00197,QR Walk-by,,MC-029,Positioner PZ-01,CELL-07,Robotic Welding Bay,Fabrication,Overheating,Low,Observed during shop floor round - logged via machine QR,TECH-03,Mohammed Rafi,2024-11-27,Closed,2024-12-09,Rectified during next available window,Maintenance,No,/sites/PMSystem/Photos/MC-029_197.jpg
ABN-00124,QR Walk-by,,MC-025,Curing Oven CO-01,CELL-06,Paint & Finishing,Finishing,Damaged guard or cover,Low,Observed during shop floor round - logged via machine QR,TECH-05,Prakash R,2024-12-04,Closed,2024-12-08,Rectified during next available window,Maintenance,No,/sites/PMSystem/Photos/MC-025_124.jpg
ABN-00213,QR Walk-by,,MC-011,Gear Hobber GH-02,CELL-03,Gear Cutting Cell,Machine Shop,Loose / missing fastener,Medium,Observed during shop floor round - logged via machine QR,TECH-08,Karthik V,2024-12-15,Closed,2024-12-31,Rectified during next available window,Maintenance,No,/sites/PMSystem/Photos/MC-011_213.jpg
ABN-00078,QR Walk-by,,MC-021,Assembly Stn AS-03,CELL-05,Assembly Line 1,Assembly,Wiring / cable damage,Low,Observed during shop floor round - logged via machine QR,TECH-06,Deepak Nair,2024-12-18,Open,,,Production,No,/sites/PMSystem/Photos/MC-021_78.jpg
ABN-00102,QR Walk-by,,MC-008,VMC MC-01,CELL-02,CNC Turning Line B,Machine Shop,Safety device bypassed,Medium,Observed during shop floor round - logged via machine QR,TECH-03,Mohammed Rafi,2024-12-19,Open,,,Maintenance,No,/sites/PMSystem/Photos/MC-008_102.jpg
ABN-00092,QR Walk-by,,MC-007,CNC Lathe TL-05,CELL-02,CNC Turning Line B,Machine Shop,Safety device bypassed,Low,Observed during shop floor round - logged via machine QR,TECH-06,Deepak Nair,2024-12-22,Closed,2025-01-11,Rectified during next available window,Production,No,/sites/PMSystem/Photos/MC-007_92.jpg
ABN-00181,QR Walk-by,,MC-024,Paint Booth PB-01,CELL-06,Paint & Finishing,Finishing,Oil / coolant leak,Low,Observed during shop floor round - logged via machine QR,TECH-06,Deepak Nair,2024-12-31,Closed,2025-01-02,Rectified during next available window,Maintenance,No,/sites/PMSystem/Photos/MC-024_181.jpg
ABN-00179,QR Walk-by,,MC-014,Sealed Quench SQ-01,CELL-04,Heat Treatment,Heat Treat,Oil / coolant leak,Low,Observed during shop floor round - logged via machine QR,TECH-10,Naveen Raj,2025-01-07,Closed,2025-02-03,Rectified during next available window,Maintenance,No,/sites/PMSystem/Photos/MC-014_179.jpg
ABN-00004,PM Checklist,WO-00007,MC-002,CNC Lathe TL-02,CELL-01,CNC Turning Line A,Machine Shop,Corrosion / rust,Medium,Task 12: Verify E-stop and door interlock function - outside standard (Stops within 1 s),TECH-03,Mohammed Rafi,2025-01-09,Closed,2025-01-26,Corrective action completed and verified,Maintenance,No,/sites/PMSystem/Photos/MC-002_4.jpg
ABN-00065,PM Checklist,WO-00229,MC-027,Robot Weld Cell RW-01,CELL-07,Robotic Welding Bay,Fabrication,Housekeeping / 5S issue,High,Task 9: Weld cell light curtain and door interlock - outside standard (Stops within 1 s),TECH-08,Karthik V,2025-01-09,Open,,,Production,Yes,/sites/PMSystem/Photos/MC-027_65.jpg
ABN-00171,QR Walk-by,,MC-003,CNC Lathe TL-03,CELL-01,CNC Turning Line A,Machine Shop,Damaged guard or cover,Medium,Observed during shop floor round - logged via machine QR,TECH-08,Karthik V,2025-01-10,Closed,2025-02-09,Rectified during next available window,Maintenance,No,/sites/PMSystem/Photos/MC-003_171.jpg
ABN-00133,QR Walk-by,,MC-006,CNC Lathe TL-04,CELL-02,CNC Turning Line B,Machine Shop,Housekeeping / 5S issue,High,Observed during shop floor round - logged via machine QR,TECH-02,Suresh Babu,2025-01-12,Closed,2025-02-15,Rectified during next available window,Production,Yes,/sites/PMSystem/Photos/MC-006_133.jpg
ABN-00066,PM Checklist,WO-00230,MC-028,Robot Weld Cell RW-02,CELL-07,Robotic Welding Bay,Fabrication,Warning lamp / alarm active,Medium,Task 2: Torch / nozzle / contact tip replacement - outside standard (New tip fitted),TECH-04,Vignesh S,2025-01-14,Closed,2025-01-16,Corrective action completed and verified,Safety,No,/sites/PMSystem/Photos/MC-028_66.jpg
ABN-00089,QR Walk-by,,MC-033,Press Feeder PF-01,CELL-08,Press Shop,Fabrication,Abnormal noise,High,Observed during shop floor round - logged via machine QR,TECH-10,Naveen Raj,2025-01-15,Closed,2025-01-25,Rectified during next available window,Production,Yes,/sites/PMSystem/Photos/MC-033_89.jpg
ABN-00145,QR Walk-by,,MC-008,VMC MC-01,CELL-02,CNC Turning Line B,Machine Shop,Safety device bypassed,Low,Observed during shop floor round - logged via machine QR,TECH-09,Sathish Kumar,2025-01-20,In Progress,,,Safety,No,/sites/PMSystem/Photos/MC-008_145.jpg
ABN-00104,QR Walk-by,,MC-033,Press Feeder PF-01,CELL-08,Press Shop,Fabrication,Corrosion / rust,High,Observed during shop floor round - logged via machine QR,TECH-01,Arun Kumar,2025-01-21,Closed,2025-02-04,Rectified during next available window,Safety,Yes,/sites/PMSystem/Photos/MC-033_104.jpg
ABN-00088,QR Walk-by,,MC-031,Hyd Press HP-01,CELL-08,Press Shop,Fabrication,Warning lamp / alarm active,Medium,Observed during shop floor round - logged via machine QR,TECH-08,Karthik V,2025-01-25,Closed,2025-02-02,Rectified during next available window,Production,No,/sites/PMSystem/Photos/MC-031_88.jpg
ABN-00037,PM Checklist,WO-00125,MC-014,Sealed Quench SQ-01,CELL-04,Heat Treatment,Heat Treat,Wiring / cable damage,Medium,"Task 4: Door seal and curtain condition - outside standard (No gap, no burn-through)",TECH-02,Suresh Babu,2025-02-05,Closed,2025-03-02,Corrective action completed and verified,Production,No,/sites/PMSystem/Photos/MC-014_37.jpg
ABN-00017,PM Checklist,WO-00060,MC-006,CNC Lathe TL-04,CELL-02,CNC Turning Line B,Machine Shop,Safety device bypassed,High,Task 6: Spindle vibration check - outside standard (<= 2.8 mm/s RMS),TECH-01,Arun Kumar,2025-02-08,Closed,2025-02-20,Corrective action completed and verified,Production,Yes,/sites/PMSystem/Photos/MC-006_17.jpg
ABN-00193,QR Walk-by,,MC-004,Bar Feeder BF-01,CELL-01,CNC Turning Line A,Machine Shop,Corrosion / rust,High,Observed during shop floor round - logged via machine QR,TECH-02,Suresh Babu,2025-02-09,Closed,2025-03-09,Rectified during next available window,Production,Yes,/sites/PMSystem/Photos/MC-004_193.jpg
ABN-00132,QR Walk-by,,MC-005,Chip Conveyor CC-01,CELL-01,CNC Turning Line A,Machine Shop,Housekeeping / 5S issue,Medium,Observed during shop floor round - logged via machine QR,TECH-05,Prakash R,2025-02-25,Closed,2025-03-23,Rectified during next available window,Maintenance,No,/sites/PMSystem/Photos/MC-005_132.jpg
ABN-00082,QR Walk-by,,MC-031,Hyd Press HP-01,CELL-08,Press Shop,Fabrication,Wiring / cable damage,Low,Observed during shop floor round - logged via machine QR,TECH-10,Naveen Raj,2025-03-08,Closed,2025-03-14,Rectified during next available window,Maintenance,No,/sites/PMSystem/Photos/MC-031_82.jpg
ABN-00138,QR Walk-by,,MC-004,Bar Feeder BF-01,CELL-01,CNC Turning Line A,Machine Shop,Oil / coolant leak,Medium,Observed during shop floor round - logged via machine QR,TECH-04,Vignesh S,2025-03-11,Closed,2025-03-31,Rectified during next available window,Production,No,/sites/PMSystem/Photos/MC-004_138.jpg
ABN-00025,PM Checklist,WO-00097,MC-011,Gear Hobber GH-02,CELL-03,Gear Cutting Cell,Machine Shop,Wiring / cable damage,Low,"Task 11: Hydraulic power pack pressure and leak check - outside standard (45 - 55 bar, no leak)",TECH-03,Mohammed Rafi,2025-03-14,Closed,2025-04-02,Corrective action completed and verified,Maintenance,No,/sites/PMSystem/Photos/MC-011_25.jpg
ABN-00174,QR Walk-by,,MC-017,Quench Oil Chiller CH-01,CELL-04,Heat Treatment,Heat Treat,Warning lamp / alarm active,Medium,Observed during shop floor round - logged via machine QR,TECH-06,Deepak Nair,2025-03-16,Closed,2025-04-17,Rectified during next available window,Maintenance,No,/sites/PMSystem/Photos/MC-017_174.jpg
ABN-00158,QR Walk-by,,MC-016,Tempering Furnace TF-01,CELL-04,Heat Treatment,Heat Treat,Housekeeping / 5S issue,Low,Observed during shop floor round - logged via machine QR,TECH-03,Mohammed Rafi,2025-03-17,Closed,2025-04-13,Rectified during next available window,Production,No,/sites/PMSystem/Photos/MC-016_158.jpg
ABN-00026,PM Checklist,WO-00098,MC-012,Gear Shaver GS-01,CELL-03,Gear Cutting Cell,Machine Shop,Oil / coolant leak,Low,"Task 2: Clean machine bed, swarf tray and coolant filter - outside standard (Filter clear)",TECH-02,Suresh Babu,2025-03-18,Closed,2025-04-17,Corrective action completed and verified,Safety,No,/sites/PMSystem/Photos/MC-012_26.jpg
ABN-00027,PM Checklist,WO-00098,MC-012,Gear Shaver GS-01,CELL-03,Gear Cutting Cell,Machine Shop,Abnormal noise,Low,Task 4: Work spindle bearing temperature - outside standard (<= 60 deg C),TECH-02,Suresh Babu,2025-03-18,Closed,2025-03-20,Corrective action completed and verified,Production,No,/sites/PMSystem/Photos/MC-012_27.jpg
ABN-00195,QR Walk-by,,MC-006,CNC Lathe TL-04,CELL-02,CNC Turning Line B,Machine Shop,Oil / coolant leak,High,Observed during shop floor round - logged via machine QR,TECH-08,Karthik V,2025-03-30,Closed,2025-04-11,Rectified during next available window,Production,Yes,/sites/PMSystem/Photos/MC-006_195.jpg
ABN-00173,QR Walk-by,,MC-009,VMC MC-02,CELL-02,CNC Turning Line B,Machine Shop,Wiring / cable damage,Low,Observed during shop floor round - logged via machine QR,TECH-06,Deepak Nair,2025-04-03,Closed,2025-04-22,Rectified during next available window,Production,No,/sites/PMSystem/Photos/MC-009_173.jpg
ABN-00180,QR Walk-by,,MC-016,Tempering Furnace TF-01,CELL-04,Heat Treatment,Heat Treat,Loose / missing fastener,Low,Observed during shop floor round - logged via machine QR,TECH-01,Arun Kumar,2025-04-04,Closed,2025-04-12,Rectified during next available window,Production,No,/sites/PMSystem/Photos/MC-016_180.jpg
ABN-00146,QR Walk-by,,MC-017,Quench Oil Chiller CH-01,CELL-04,Heat Treatment,Heat Treat,Damaged guard or cover,Low,Observed during shop floor round - logged via machine QR,TECH-02,Suresh Babu,2025-04-06,Closed,2025-04-28,Rectified during next available window,Safety,No,/sites/PMSystem/Photos/MC-017_146.jpg
ABN-00191,QR Walk-by,,MC-010,Gear Hobber GH-01,CELL-03,Gear Cutting Cell,Machine Shop,Loose / missing fastener,Low,Observed during shop floor round - logged via machine QR,TECH-02,Suresh Babu,2025-04-07,Closed,2025-05-07,Rectified during next available window,Production,No,/sites/PMSystem/Photos/MC-010_191.jpg
ABN-00085,QR Walk-by,,MC-020,Assembly Stn AS-02,CELL-05,Assembly Line 1,Assembly,Abnormal noise,Low,Observed during shop floor round - logged via machine QR,TECH-01,Arun Kumar,2025-04-09,Closed,2025-04-19,Rectified during next available window,Production,No,/sites/PMSystem/Photos/MC-020_85.jpg
ABN-00130,QR Walk-by,,MC-007,CNC Lathe TL-05,CELL-02,CNC Turning Line B,Machine Shop,Air leak,High,Observed during shop floor round - logged via machine QR,TECH-06,Deepak Nair,2025-04-14,Closed,2025-05-17,Rectified during next available window,Safety,Yes,/sites/PMSystem/Photos/MC-007_130.jpg
ABN-00055,PM Checklist,WO-00192,MC-021,Assembly Stn AS-03,CELL-05,Assembly Line 1,Assembly,Abnormal noise,Medium,Task 6: Fixture clamp wear and repeatability - outside standard (<= 0.05 mm),TECH-07,Ramesh Chandran,2025-04-16,Closed,2025-04-26,Corrective action completed and verified,Maintenance,No,/sites/PMSystem/Photos/MC-021_55.jpg
ABN-00143,QR Walk-by,,MC-003,CNC Lathe TL-03,CELL-01,CNC Turning Line A,Machine Shop,Damaged guard or cover,Low,Observed during shop floor round - logged via machine QR,TECH-02,Suresh Babu,2025-04-17,Closed,2025-05-26,Rectified during next available window,Production,No,/sites/PMSystem/Photos/MC-003_143.jpg
ABN-00100,QR Walk-by,,MC-002,CNC Lathe TL-02,CELL-01,CNC Turning Line A,Machine Shop,Abnormal noise,Low,Observed during shop floor round - logged via machine QR,TECH-02,Suresh Babu,2025-04-19,Closed,2025-05-22,Rectified during next available window,Safety,No,/sites/PMSystem/Photos/MC-002_100.jpg
ABN-00005,PM Checklist,WO-00014,MC-004,Bar Feeder BF-01,CELL-01,CNC Turning Line A,Machine Shop,Overheating,Medium,Task 6: Air / oil filter condition - outside standard (Clean or replace),TECH-03,Mohammed Rafi,2025-04-23,Closed,2025-05-02,Corrective action completed and verified,Maintenance,No,/sites/PMSystem/Photos/MC-004_5.jpg
ABN-00056,PM Checklist,WO-00194,MC-023,Assy Conveyor CV-01,CELL-05,Assembly Line 1,Assembly,Overheating,High,"Task 9: Electrical panel cleaning and terminal tightness - outside standard (No dust, no loose lug)",TECH-07,Ramesh Chandran,2025-04-24,Closed,2025-05-21,Corrective action completed and verified,Safety,Yes,/sites/PMSystem/Photos/MC-023_56.jpg
ABN-00159,QR Walk-by,,MC-029,Positioner PZ-01,CELL-07,Robotic Welding Bay,Fabrication,Safety device bypassed,Low,Observed during shop floor round - logged via machine QR,TECH-03,Mohammed Rafi,2025-04-25,Closed,2025-06-02,Rectified during next available window,Production,No,/sites/PMSystem/Photos/MC-029_159.jpg
ABN-00192,QR Walk-by,,MC-006,CNC Lathe TL-04,CELL-02,CNC Turning Line B,Machine Shop,Overheating,Medium,Observed during shop floor round - logged via machine QR,TECH-05,Prakash R,2025-04-25,Open,,,Production,No,/sites/PMSystem/Photos/MC-006_192.jpg
ABN-00123,QR Walk-by,,MC-031,Hyd Press HP-01,CELL-08,Press Shop,Fabrication,Wiring / cable damage,Low,Observed during shop floor round - logged via machine QR,TECH-01,Arun Kumar,2025-04-27,Closed,2025-05-14,Rectified during next available window,Production,No,/sites/PMSystem/Photos/MC-031_123.jpg
ABN-00106,QR Walk-by,,MC-033,Press Feeder PF-01,CELL-08,Press Shop,Fabrication,Safety device bypassed,Medium,Observed during shop floor round - logged via machine QR,TECH-08,Karthik V,2025-04-28,Closed,2025-05-05,Rectified during next available window,Maintenance,No,/sites/PMSystem/Photos/MC-033_106.jpg
ABN-00101,QR Walk-by,,MC-004,Bar Feeder BF-01,CELL-01,CNC Turning Line A,Machine Shop,Loose / missing fastener,High,Observed during shop floor round - logged via machine QR,TECH-02,Suresh Babu,2025-05-04,Closed,2025-05-05,Rectified during next available window,Maintenance,Yes,/sites/PMSystem/Photos/MC-004_101.jpg
ABN-00176,QR Walk-by,,MC-011,Gear Hobber GH-02,CELL-03,Gear Cutting Cell,Machine Shop,Abnormal noise,Medium,Observed during shop floor round - logged via machine QR,TECH-08,Karthik V,2025-05-06,Open,,,Safety,No,/sites/PMSystem/Photos/MC-011_176.jpg
ABN-00194,QR Walk-by,,MC-007,CNC Lathe TL-05,CELL-02,CNC Turning Line B,Machine Shop,Damaged guard or cover,Low,Observed during shop floor round - logged via machine QR,TECH-05,Prakash R,2025-05-09,Closed,2025-05-26,Rectified during next available window,Safety,No,/sites/PMSystem/Photos/MC-007_194.jpg
ABN-00121,QR Walk-by,,MC-029,Positioner PZ-01,CELL-07,Robotic Welding Bay,Fabrication,Warning lamp / alarm active,High,Observed during shop floor round - logged via machine QR,TECH-05,Prakash R,2025-05-14,Closed,2025-05-25,Rectified during next available window,Production,Yes,/sites/PMSystem/Photos/MC-029_121.jpg
ABN-00038,PM Checklist,WO-00132,MC-016,Tempering Furnace TF-01,CELL-04,Heat Treatment,Heat Treat,Housekeeping / 5S issue,Low,Task 7: Atmosphere gas flow and carbon potential probe - outside standard (Probe mV stable),TECH-02,Suresh Babu,2025-05-15,Closed,2025-06-10,Corrective action completed and verified,Maintenance,No,/sites/PMSystem/Photos/MC-016_38.jpg
ABN-00177,QR Walk-by,,MC-032,Hyd Press HP-02,CELL-08,Press Shop,Fabrication,Abnormal vibration,Medium,Observed during shop floor round - logged via machine QR,TECH-03,Mohammed Rafi,2025-05-16,Closed,2025-06-08,Rectified during next available window,Maintenance,No,/sites/PMSystem/Photos/MC-032_177.jpg
ABN-00156,QR Walk-by,,MC-021,Assembly Stn AS-03,CELL-05,Assembly Line 1,Assembly,Safety device bypassed,Low,Observed during shop floor round - logged via machine QR,TECH-03,Mohammed Rafi,2025-05-20,Closed,2025-06-18,Rectified during next available window,Safety,No,/sites/PMSystem/Photos/MC-021_156.jpg
ABN-00209,QR Walk-by,,MC-023,Assy Conveyor CV-01,CELL-05,Assembly Line 1,Assembly,Warning lamp / alarm active,Low,Observed during shop floor round - logged via machine QR,TECH-05,Prakash R,2025-05-25,Closed,2025-06-07,Rectified during next available window,Production,No,/sites/PMSystem/Photos/MC-023_209.jpg
ABN-00110,QR Walk-by,,MC-020,Assembly Stn AS-02,CELL-05,Assembly Line 1,Assembly,Overheating,Medium,Observed during shop floor round - logged via machine QR,TECH-07,Ramesh Chandran,2025-05-30,Closed,2025-06-04,Rectified during next available window,Production,No,/sites/PMSystem/Photos/MC-020_110.jpg
ABN-00152,QR Walk-by,,MC-016,Tempering Furnace TF-01,CELL-04,Heat Treatment,Heat Treat,Loose / missing fastener,Medium,Observed during shop floor round - logged via machine QR,TECH-07,Ramesh Chandran,2025-05-31,Open,,,Maintenance,No,/sites/PMSystem/Photos/MC-016_152.jpg
ABN-00210,QR Walk-by,,MC-023,Assy Conveyor CV-01,CELL-05,Assembly Line 1,Assembly,Housekeeping / 5S issue,Medium,Observed during shop floor round - logged via machine QR,TECH-06,Deepak Nair,2025-06-05,Closed,2025-07-05,Rectified during next available window,Maintenance,No,/sites/PMSystem/Photos/MC-023_210.jpg
ABN-00165,QR Walk-by,,MC-009,VMC MC-02,CELL-02,CNC Turning Line B,Machine Shop,Warning lamp / alarm active,Low,Observed during shop floor round - logged via machine QR,TECH-05,Prakash R,2025-06-12,Closed,2025-06-25,Rectified during next available window,Production,No,/sites/PMSystem/Photos/MC-009_165.jpg
ABN-00126,QR Walk-by,,MC-007,CNC Lathe TL-05,CELL-02,CNC Turning Line B,Machine Shop,Abnormal noise,Medium,Observed during shop floor round - logged via machine QR,TECH-06,Deepak Nair,2025-06-15,Closed,2025-07-01,Rectified during next available window,Maintenance,No,/sites/PMSystem/Photos/MC-007_126.jpg
ABN-00096,QR Walk-by,,MC-008,VMC MC-01,CELL-02,CNC Turning Line B,Machine Shop,Abnormal noise,Medium,Observed during shop floor round - logged via machine QR,TECH-03,Mohammed Rafi,2025-06-26,Closed,2025-07-27,Rectified during next available window,Production,No,/sites/PMSystem/Photos/MC-008_96.jpg
ABN-00081,QR Walk-by,,MC-028,Robot Weld Cell RW-02,CELL-07,Robotic Welding Bay,Fabrication,Oil / coolant leak,Medium,Observed during shop floor round - logged via machine QR,TECH-02,Suresh Babu,2025-06-29,Closed,2025-07-13,Rectified during next available window,Production,No,/sites/PMSystem/Photos/MC-028_81.jpg
ABN-00039,PM Checklist,WO-00135,MC-014,Sealed Quench SQ-01,CELL-04,Heat Treatment,Heat Treat,Damaged guard or cover,Low,"Task 5: Quench oil level, temperature and condition - outside standard (Level OK, <= 80 deg C)",TECH-05,Prakash R,2025-07-05,Closed,2025-07-29,Corrective action completed and verified,Maintenance,No,/sites/PMSystem/Photos/MC-014_39.jpg
ABN-00148,QR Walk-by,,MC-029,Positioner PZ-01,CELL-07,Robotic Welding Bay,Fabrication,Corrosion / rust,Medium,Observed during shop floor round - logged via machine QR,TECH-08,Karthik V,2025-07-05,Closed,2025-07-29,Rectified during next available window,Safety,No,/sites/PMSystem/Photos/MC-029_148.jpg
ABN-00166,QR Walk-by,,MC-012,Gear Shaver GS-01,CELL-03,Gear Cutting Cell,Machine Shop,Overheating,Low,Observed during shop floor round - logged via machine QR,TECH-05,Prakash R,2025-07-05,Closed,2025-08-14,Rectified during next available window,Production,No,/sites/PMSystem/Photos/MC-012_166.jpg
ABN-00144,QR Walk-by,,MC-005,Chip Conveyor CC-01,CELL-01,CNC Turning Line A,Machine Shop,Wiring / cable damage,Low,Observed during shop floor round - logged via machine QR,TECH-02,Suresh Babu,2025-07-07,Closed,2025-07-16,Rectified during next available window,Maintenance,No,/sites/PMSystem/Photos/MC-005_144.jpg
ABN-00040,PM Checklist,WO-00136,MC-015,Sealed Quench SQ-02,CELL-04,Heat Treatment,Heat Treat,Damaged guard or cover,Medium,Task 10: Cooling water flow and chiller performance - outside standard (>= 60 L/min),TECH-02,Suresh Babu,2025-07-12,Closed,2025-08-10,Corrective action completed and verified,Maintenance,No,/sites/PMSystem/Photos/MC-015_40.jpg
ABN-00168,QR Walk-by,,MC-021,Assembly Stn AS-03,CELL-05,Assembly Line 1,Assembly,Warning lamp / alarm active,Low,Observed during shop floor round - logged via machine QR,TECH-07,Ramesh Chandran,2025-07-16,Closed,2025-08-24,Rectified during next available window,Production,No,/sites/PMSystem/Photos/MC-021_168.jpg
ABN-00041,PM Checklist,WO-00137,MC-016,Tempering Furnace TF-01,CELL-04,Heat Treatment,Heat Treat,Housekeeping / 5S issue,High,"Task 5: Quench oil level, temperature and condition - outside standard (Level OK, <= 80 deg C)",TECH-06,Deepak Nair,2025-07-18,Closed,2025-07-20,Corrective action completed and verified,Production,Yes,/sites/PMSystem/Photos/MC-016_41.jpg
ABN-00042,PM Checklist,WO-00138,MC-017,Quench Oil Chiller CH-01,CELL-04,Heat Treatment,Heat Treat,Warning lamp / alarm active,Medium,Task 1: Lock out / tag out verified before start - outside standard (LOTO applied),TECH-05,Prakash R,2025-07-23,Closed,2025-07-26,Corrective action completed and verified,Safety,No,/sites/PMSystem/Photos/MC-017_42.jpg
ABN-00211,QR Walk-by,,MC-019,Assembly Stn AS-01,CELL-05,Assembly Line 1,Assembly,Air leak,Low,Observed during shop floor round - logged via machine QR,TECH-06,Deepak Nair,2025-07-24,Closed,2025-08-04,Rectified during next available window,Safety,No,/sites/PMSystem/Photos/MC-019_211.jpg
ABN-00186,QR Walk-by,,MC-011,Gear Hobber GH-02,CELL-03,Gear Cutting Cell,Machine Shop,Abnormal vibration,Low,Observed during shop floor round - logged via machine QR,TECH-03,Mohammed Rafi,2025-07-26,Closed,2025-08-15,Rectified during next available window,Production,No,/sites/PMSystem/Photos/MC-011_186.jpg
ABN-00043,PM Checklist,WO-00139,MC-018,HT Compressor AC-01,CELL-04,Heat Treatment,Heat Treat,Damaged guard or cover,Low,Task 2: General cleaning and housekeeping - outside standard (No debris),TECH-02,Suresh Babu,2025-07-27,Closed,2025-08-04,Corrective action completed and verified,Safety,No,/sites/PMSystem/Photos/MC-018_43.jpg
ABN-00079,QR Walk-by,,MC-024,Paint Booth PB-01,CELL-06,Paint & Finishing,Finishing,Loose / missing fastener,Medium,Observed during shop floor round - logged via machine QR,TECH-06,Deepak Nair,2025-07-28,Closed,2025-08-26,Rectified during next available window,Safety,No,/sites/PMSystem/Photos/MC-024_79.jpg
ABN-00107,QR Walk-by,,MC-023,Assy Conveyor CV-01,CELL-05,Assembly Line 1,Assembly,Abnormal vibration,Medium,Observed during shop floor round - logged via machine QR,TECH-07,Ramesh Chandran,2025-08-04,Closed,2025-08-25,Rectified during next available window,Maintenance,No,/sites/PMSystem/Photos/MC-023_107.jpg
ABN-00057,PM Checklist,WO-00195,MC-019,Assembly Stn AS-01,CELL-05,Assembly Line 1,Assembly,Damaged guard or cover,Medium,Task 8: Check station lighting and andon - outside standard (>= 500 lux),TECH-10,Naveen Raj,2025-08-05,Closed,2025-08-26,Corrective action completed and verified,Safety,No,/sites/PMSystem/Photos/MC-019_57.jpg
ABN-00067,PM Checklist,WO-00236,MC-030,Weld Compressor AC-02,CELL-07,Robotic Welding Bay,Fabrication,Damaged guard or cover,Medium,Task 4: Bearing greasing as per lube chart - outside standard (All points),TECH-09,Sathish Kumar,2025-08-09,Closed,2025-08-24,Corrective action completed and verified,Safety,No,/sites/PMSystem/Photos/MC-030_67.jpg
ABN-00068,PM Checklist,WO-00236,MC-030,Weld Compressor AC-02,CELL-07,Robotic Welding Bay,Fabrication,Abnormal vibration,Low,Task 8: Safety guard and E-stop check - outside standard (Functional),TECH-09,Sathish Kumar,2025-08-09,Closed,2025-09-08,Corrective action completed and verified,Maintenance,No,/sites/PMSystem/Photos/MC-030_68.jpg
ABN-00094,QR Walk-by,,MC-019,Assembly Stn AS-01,CELL-05,Assembly Line 1,Assembly,Abnormal vibration,Low,Observed during shop floor round - logged via machine QR,TECH-03,Mohammed Rafi,2025-08-11,Closed,2025-08-25,Rectified during next available window,Maintenance,No,/sites/PMSystem/Photos/MC-019_94.jpg
ABN-00028,PM Checklist,WO-00101,MC-011,Gear Hobber GH-02,CELL-03,Gear Cutting Cell,Machine Shop,Wiring / cable damage,Low,Task 8: Coolant flow at cutting zone - outside standard (>= 40 L/min),TECH-01,Arun Kumar,2025-08-13,Closed,2025-08-30,Corrective action completed and verified,Production,No,/sites/PMSystem/Photos/MC-011_28.jpg
ABN-00058,PM Checklist,WO-00196,MC-020,Assembly Stn AS-02,CELL-05,Assembly Line 1,Assembly,Safety device bypassed,Low,"Task 5: Pneumatic FRL check and drain - outside standard (Bowl clean, no water)",TECH-10,Naveen Raj,2025-08-13,Closed,2025-09-05,Corrective action completed and verified,Safety,No,/sites/PMSystem/Photos/MC-020_58.jpg
ABN-00167,QR Walk-by,,MC-016,Tempering Furnace TF-01,CELL-04,Heat Treatment,Heat Treat,Abnormal noise,Low,Observed during shop floor round - logged via machine QR,TECH-02,Suresh Babu,2025-08-14,Closed,2025-09-14,Rectified during next available window,Maintenance,No,/sites/PMSystem/Photos/MC-016_167.jpg
ABN-00150,QR Walk-by,,MC-031,Hyd Press HP-01,CELL-08,Press Shop,Fabrication,Abnormal noise,Low,Observed during shop floor round - logged via machine QR,TECH-10,Naveen Raj,2025-08-16,Closed,2025-08-20,Rectified during next available window,Safety,No,/sites/PMSystem/Photos/MC-031_150.jpg
ABN-00073,PM Checklist,WO-00254,MC-032,Hyd Press HP-02,CELL-08,Press Shop,Fabrication,Air leak,Medium,"Task 2: Hydraulic oil level, temperature and sample - outside standard (<= 55 deg C, ISO 18/16/13)",TECH-04,Vignesh S,2025-08-20,Closed,2025-09-18,Corrective action completed and verified,Maintenance,No,/sites/PMSystem/Photos/MC-032_73.jpg
ABN-00074,PM Checklist,WO-00254,MC-032,Hyd Press HP-02,CELL-08,Press Shop,Fabrication,Loose / missing fastener,High,Task 3: Replace / inspect return-line filter - outside standard (dP indicator green),TECH-04,Vignesh S,2025-08-20,Closed,2025-08-21,Corrective action completed and verified,Production,Yes,/sites/PMSystem/Photos/MC-032_74.jpg
ABN-00075,PM Checklist,WO-00254,MC-032,Hyd Press HP-02,CELL-08,Press Shop,Fabrication,Damaged guard or cover,Medium,"Task 10: Electrical panel cleaning and terminal tightness - outside standard (No dust, no loose lug)",TECH-04,Vignesh S,2025-08-20,Closed,2025-08-23,Corrective action completed and verified,Production,No,/sites/PMSystem/Photos/MC-032_75.jpg
ABN-00097,QR Walk-by,,MC-020,Assembly Stn AS-02,CELL-05,Assembly Line 1,Assembly,Corrosion / rust,Medium,Observed during shop floor round - logged via machine QR,TECH-10,Naveen Raj,2025-08-21,Closed,2025-09-12,Rectified during next available window,Maintenance,No,/sites/PMSystem/Photos/MC-020_97.jpg
ABN-00029,PM Checklist,WO-00103,MC-013,Deburring Unit DB-01,CELL-03,Gear Cutting Cell,Machine Shop,Abnormal vibration,Medium,Task 7: Condensate drain and moisture trap - outside standard (Free draining),TECH-02,Suresh Babu,2025-08-26,Closed,2025-09-10,Corrective action completed and verified,Production,No,/sites/PMSystem/Photos/MC-013_29.jpg
ABN-00216,QR Walk-by,,MC-017,Quench Oil Chiller CH-01,CELL-04,Heat Treatment,Heat Treat,Loose / missing fastener,Low,Observed during shop floor round - logged via machine QR,TECH-09,Sathish Kumar,2025-09-13,Closed,2025-09-23,Rectified during next available window,Safety,No,/sites/PMSystem/Photos/MC-017_216.jpg
ABN-00215,QR Walk-by,,MC-005,Chip Conveyor CC-01,CELL-01,CNC Turning Line A,Machine Shop,Corrosion / rust,Medium,Observed during shop floor round - logged via machine QR,TECH-02,Suresh Babu,2025-09-16,Closed,2025-10-01,Rectified during next available window,Production,No,/sites/PMSystem/Photos/MC-005_215.jpg
ABN-00021,PM Checklist,WO-00070,MC-008,VMC MC-01,CELL-02,CNC Turning Line B,Machine Shop,Housekeeping / 5S issue,Low,"Task 2: Clean work enclosure, chip auger and coolant tank - outside standard (No chip accumulation)",TECH-01,Arun Kumar,2025-09-20,Closed,2025-10-19,Corrective action completed and verified,Maintenance,No,/sites/PMSystem/Photos/MC-008_21.jpg
ABN-00022,PM Checklist,WO-00070,MC-008,VMC MC-01,CELL-02,CNC Turning Line B,Machine Shop,Overheating,Medium,Task 7: ATC arm alignment and tool clamp force - outside standard (Within OEM spec),TECH-01,Arun Kumar,2025-09-20,Closed,2025-09-23,Corrective action completed and verified,Production,No,/sites/PMSystem/Photos/MC-008_22.jpg
ABN-00205,QR Walk-by,,MC-004,Bar Feeder BF-01,CELL-01,CNC Turning Line A,Machine Shop,Wiring / cable damage,High,Observed during shop floor round - logged via machine QR,TECH-07,Ramesh Chandran,2025-09-20,Closed,2025-10-22,Rectified during next available window,Safety,Yes,/sites/PMSystem/Photos/MC-004_205.jpg
ABN-00184,QR Walk-by,,MC-019,Assembly Stn AS-01,CELL-05,Assembly Line 1,Assembly,Housekeeping / 5S issue,Low,Observed during shop floor round - logged via machine QR,TECH-09,Sathish Kumar,2025-10-01,Closed,2025-10-26,Rectified during next available window,Maintenance,No,/sites/PMSystem/Photos/MC-019_184.jpg
ABN-00018,PM Checklist,WO-00068,MC-006,CNC Lathe TL-04,CELL-02,CNC Turning Line B,Machine Shop,Warning lamp / alarm active,Medium,Task 5: Inspect way covers and wipers for damage - outside standard (No tear / no leak),TECH-03,Mohammed Rafi,2025-10-05,Closed,2025-10-24,Corrective action completed and verified,Maintenance,No,/sites/PMSystem/Photos/MC-006_18.jpg
ABN-00019,PM Checklist,WO-00068,MC-006,CNC Lathe TL-04,CELL-02,CNC Turning Line B,Machine Shop,Air leak,Medium,Task 10: Tailstock / chuck clamping pressure - outside standard (18 - 22 bar),TECH-03,Mohammed Rafi,2025-10-05,Closed,2025-10-20,Corrective action completed and verified,Production,No,/sites/PMSystem/Photos/MC-006_19.jpg
ABN-00020,PM Checklist,WO-00068,MC-006,CNC Lathe TL-04,CELL-02,CNC Turning Line B,Machine Shop,Loose / missing fastener,High,Task 13: Backlash check X and Z axis - outside standard (<= 0.01 mm),TECH-03,Mohammed Rafi,2025-10-05,Closed,2025-10-25,Corrective action completed and verified,Maintenance,Yes,/sites/PMSystem/Photos/MC-006_20.jpg
ABN-00139,QR Walk-by,,MC-027,Robot Weld Cell RW-01,CELL-07,Robotic Welding Bay,Fabrication,Wiring / cable damage,Low,Observed during shop floor round - logged via machine QR,TECH-04,Vignesh S,2025-10-05,Open,,,Production,No,/sites/PMSystem/Photos/MC-027_139.jpg
ABN-00149,QR Walk-by,,MC-008,VMC MC-01,CELL-02,CNC Turning Line B,Machine Shop,Loose / missing fastener,Low,Observed during shop floor round - logged via machine QR,TECH-04,Vignesh S,2025-10-07,Closed,2025-10-17,Rectified during next available window,Production,No,/sites/PMSystem/Photos/MC-008_149.jpg
ABN-00172,QR Walk-by,,MC-006,CNC Lathe TL-04,CELL-02,CNC Turning Line B,Machine Shop,Abnormal vibration,Low,Observed during shop floor round - logged via machine QR,TECH-05,Prakash R,2025-10-07,Closed,2025-10-28,Rectified during next available window,Maintenance,No,/sites/PMSystem/Photos/MC-006_172.jpg
ABN-00187,QR Walk-by,,MC-028,Robot Weld Cell RW-02,CELL-07,Robotic Welding Bay,Fabrication,Safety device bypassed,Low,Observed during shop floor round - logged via machine QR,TECH-06,Deepak Nair,2025-10-14,Closed,2025-10-21,Rectified during next available window,Production,No,/sites/PMSystem/Photos/MC-028_187.jpg
ABN-00099,QR Walk-by,,MC-015,Sealed Quench SQ-02,CELL-04,Heat Treatment,Heat Treat,Wiring / cable damage,Medium,Observed during shop floor round - logged via machine QR,TECH-02,Suresh Babu,2025-10-17,Closed,2025-10-25,Rectified during next available window,Maintenance,No,/sites/PMSystem/Photos/MC-015_99.jpg
ABN-00091,QR Walk-by,,MC-019,Assembly Stn AS-01,CELL-05,Assembly Line 1,Assembly,Overheating,Low,Observed during shop floor round - logged via machine QR,TECH-09,Sathish Kumar,2025-11-02,In Progress,,,Maintenance,No,/sites/PMSystem/Photos/MC-019_91.jpg
ABN-00178,QR Walk-by,,MC-014,Sealed Quench SQ-01,CELL-04,Heat Treatment,Heat Treat,Loose / missing fastener,Medium,Observed during shop floor round - logged via machine QR,TECH-09,Sathish Kumar,2025-11-10,Closed,2025-12-17,Rectified during next available window,Safety,No,/sites/PMSystem/Photos/MC-014_178.jpg
ABN-00212,QR Walk-by,,MC-014,Sealed Quench SQ-01,CELL-04,Heat Treatment,Heat Treat,Oil / coolant leak,Low,Observed during shop floor round - logged via machine QR,TECH-08,Karthik V,2025-11-11,Closed,2025-11-23,Rectified during next available window,Maintenance,No,/sites/PMSystem/Photos/MC-014_212.jpg
ABN-00105,QR Walk-by,,MC-013,Deburring Unit DB-01,CELL-03,Gear Cutting Cell,Machine Shop,Warning lamp / alarm active,Medium,Observed during shop floor round - logged via machine QR,TECH-01,Arun Kumar,2025-11-12,Closed,2025-11-19,Rectified during next available window,Maintenance,No,/sites/PMSystem/Photos/MC-013_105.jpg
ABN-00114,QR Walk-by,,MC-032,Hyd Press HP-02,CELL-08,Press Shop,Fabrication,Loose / missing fastener,Low,Observed during shop floor round - logged via machine QR,TECH-10,Naveen Raj,2025-11-15,Closed,2025-12-11,Rectified during next available window,Production,No,/sites/PMSystem/Photos/MC-032_114.jpg
ABN-00103,QR Walk-by,,MC-010,Gear Hobber GH-01,CELL-03,Gear Cutting Cell,Machine Shop,Corrosion / rust,Low,Observed during shop floor round - logged via machine QR,TECH-03,Mohammed Rafi,2025-11-16,Closed,2025-12-26,Rectified during next available window,Maintenance,No,/sites/PMSystem/Photos/MC-010_103.jpg
ABN-00006,PM Checklist,WO-00023,MC-003,CNC Lathe TL-03,CELL-01,CNC Turning Line A,Machine Shop,Safety device bypassed,Medium,Task 8: Check hydraulic pressure - outside standard (35 - 40 bar),TECH-02,Suresh Babu,2025-11-18,Closed,2025-12-16,Corrective action completed and verified,Production,No,/sites/PMSystem/Photos/MC-003_6.jpg
ABN-00044,PM Checklist,WO-00143,MC-017,Quench Oil Chiller CH-01,CELL-04,Heat Treatment,Heat Treat,Housekeeping / 5S issue,High,Task 1: Lock out / tag out verified before start - outside standard (LOTO applied),TECH-02,Suresh Babu,2025-11-20,Closed,2025-12-18,Corrective action completed and verified,Safety,Yes,/sites/PMSystem/Photos/MC-017_44.jpg
ABN-00007,PM Checklist,WO-00025,MC-005,Chip Conveyor CC-01,CELL-01,CNC Turning Line A,Machine Shop,Abnormal noise,Medium,"Task 9: Electrical panel cleaning and terminal tightness - outside standard (No dust, no loose lug)",TECH-03,Mohammed Rafi,2025-11-23,Closed,2025-11-25,Corrective action completed and verified,Safety,No,/sites/PMSystem/Photos/MC-005_7.jpg
ABN-00045,PM Checklist,WO-00144,MC-018,HT Compressor AC-01,CELL-04,Heat Treatment,Heat Treat,Overheating,Medium,Task 7: Condensate drain and moisture trap - outside standard (Free draining),TECH-06,Deepak Nair,2025-11-26,Closed,2025-12-07,Corrective action completed and verified,Production,No,/sites/PMSystem/Photos/MC-018_45.jpg
ABN-00137,QR Walk-by,,MC-030,Weld Compressor AC-02,CELL-07,Robotic Welding Bay,Fabrication,Wiring / cable damage,Low,Observed during shop floor round - logged via machine QR,TECH-10,Naveen Raj,2025-11-26,Closed,2026-01-02,Rectified during next available window,Safety,No,/sites/PMSystem/Photos/MC-030_137.jpg
ABN-00208,QR Walk-by,,MC-005,Chip Conveyor CC-01,CELL-01,CNC Turning Line A,Machine Shop,Abnormal vibration,Low,Observed during shop floor round - logged via machine QR,TECH-08,Karthik V,2025-11-26,Closed,2025-12-28,Rectified during next available window,Safety,No,/sites/PMSystem/Photos/MC-005_208.jpg
ABN-00140,QR Walk-by,,MC-011,Gear Hobber GH-02,CELL-03,Gear Cutting Cell,Machine Shop,Abnormal vibration,Low,Observed during shop floor round - logged via machine QR,TECH-04,Vignesh S,2025-12-08,Closed,2025-12-18,Rectified during next available window,Maintenance,No,/sites/PMSystem/Photos/MC-011_140.jpg
ABN-00185,QR Walk-by,,MC-026,Paint Chiller CH-02,CELL-06,Paint & Finishing,Finishing,Abnormal vibration,Medium,Observed during shop floor round - logged via machine QR,TECH-07,Ramesh Chandran,2025-12-09,Open,,,Maintenance,No,/sites/PMSystem/Photos/MC-026_185.jpg
ABN-00151,QR Walk-by,,MC-016,Tempering Furnace TF-01,CELL-04,Heat Treatment,Heat Treat,Safety device bypassed,Low,Observed during shop floor round - logged via machine QR,TECH-06,Deepak Nair,2025-12-11,Closed,2025-12-19,Rectified during next available window,Safety,No,/sites/PMSystem/Photos/MC-016_151.jpg
ABN-00141,QR Walk-by,,MC-002,CNC Lathe TL-02,CELL-01,CNC Turning Line A,Machine Shop,Corrosion / rust,Low,Observed during shop floor round - logged via machine QR,TECH-08,Karthik V,2025-12-19,Closed,2026-01-16,Rectified during next available window,Production,No,/sites/PMSystem/Photos/MC-002_141.jpg
ABN-00147,QR Walk-by,,MC-025,Curing Oven CO-01,CELL-06,Paint & Finishing,Finishing,Oil / coolant leak,Low,Observed during shop floor round - logged via machine QR,TECH-02,Suresh Babu,2025-12-29,Closed,2026-01-12,Rectified during next available window,Production,No,/sites/PMSystem/Photos/MC-025_147.jpg
ABN-00207,QR Walk-by,,MC-032,Hyd Press HP-02,CELL-08,Press Shop,Fabrication,Housekeeping / 5S issue,Low,Observed during shop floor round - logged via machine QR,TECH-07,Ramesh Chandran,2026-01-02,Closed,2026-01-23,Rectified during next available window,Safety,No,/sites/PMSystem/Photos/MC-032_207.jpg
ABN-00059,PM Checklist,WO-00201,MC-020,Assembly Stn AS-02,CELL-05,Assembly Line 1,Assembly,Loose / missing fastener,Low,Task 8: Check station lighting and andon - outside standard (>= 500 lux),TECH-07,Ramesh Chandran,2026-01-08,Closed,2026-01-27,Corrective action completed and verified,Maintenance,No,/sites/PMSystem/Photos/MC-020_59.jpg
ABN-00095,QR Walk-by,,MC-033,Press Feeder PF-01,CELL-08,Press Shop,Fabrication,Housekeeping / 5S issue,Low,Observed during shop floor round - logged via machine QR,TECH-09,Sathish Kumar,2026-01-13,Closed,2026-02-16,Rectified during next available window,Safety,No,/sites/PMSystem/Photos/MC-033_95.jpg
ABN-00060,PM Checklist,WO-00202,MC-021,Assembly Stn AS-03,CELL-05,Assembly Line 1,Assembly,Loose / missing fastener,Low,"Task 5: Pneumatic FRL check and drain - outside standard (Bowl clean, no water)",TECH-07,Ramesh Chandran,2026-01-16,Closed,2026-01-24,Corrective action completed and verified,Production,No,/sites/PMSystem/Photos/MC-021_60.jpg
ABN-00061,PM Checklist,WO-00202,MC-021,Assembly Stn AS-03,CELL-05,Assembly Line 1,Assembly,Abnormal noise,Medium,Task 8: Check station lighting and andon - outside standard (>= 500 lux),TECH-07,Ramesh Chandran,2026-01-16,Closed,2026-01-21,Corrective action completed and verified,Production,No,/sites/PMSystem/Photos/MC-021_61.jpg
ABN-00062,PM Checklist,WO-00202,MC-021,Assembly Stn AS-03,CELL-05,Assembly Line 1,Assembly,Housekeeping / 5S issue,Medium,Task 9: Verify E-stop and light curtain - outside standard (Stops within 1 s),TECH-07,Ramesh Chandran,2026-01-16,In Progress,,,Safety,No,/sites/PMSystem/Photos/MC-021_62.jpg
ABN-00080,QR Walk-by,,MC-006,CNC Lathe TL-04,CELL-02,CNC Turning Line B,Machine Shop,Air leak,Low,Observed during shop floor round - logged via machine QR,TECH-07,Ramesh Chandran,2026-01-19,Closed,2026-02-07,Rectified during next available window,Maintenance,No,/sites/PMSystem/Photos/MC-006_80.jpg
ABN-00048,PM Checklist,WO-00148,MC-017,Quench Oil Chiller CH-01,CELL-04,Heat Treatment,Heat Treat,Corrosion / rust,Low,Task 6: Air / oil filter condition - outside standard (Clean or replace),TECH-06,Deepak Nair,2026-01-23,Closed,2026-02-14,Corrective action completed and verified,Safety,No,/sites/PMSystem/Photos/MC-017_48.jpg
ABN-00049,PM Checklist,WO-00148,MC-017,Quench Oil Chiller CH-01,CELL-04,Heat Treatment,Heat Treat,Damaged guard or cover,Low,"Task 9: Electrical panel cleaning and terminal tightness - outside standard (No dust, no loose lug)",TECH-06,Deepak Nair,2026-01-23,Closed,2026-02-18,Corrective action completed and verified,Safety,No,/sites/PMSystem/Photos/MC-017_49.jpg
ABN-00153,QR Walk-by,,MC-020,Assembly Stn AS-02,CELL-05,Assembly Line 1,Assembly,Safety device bypassed,Low,Observed during shop floor round - logged via machine QR,TECH-08,Karthik V,2026-01-24,Closed,2026-02-14,Rectified during next available window,Safety,No,/sites/PMSystem/Photos/MC-020_153.jpg
ABN-00134,QR Walk-by,,MC-028,Robot Weld Cell RW-02,CELL-07,Robotic Welding Bay,Fabrication,Corrosion / rust,Medium,Observed during shop floor round - logged via machine QR,TECH-05,Prakash R,2026-01-25,Closed,2026-02-14,Rectified during next available window,Production,No,/sites/PMSystem/Photos/MC-028_134.jpg
ABN-00119,QR Walk-by,,MC-030,Weld Compressor AC-02,CELL-07,Robotic Welding Bay,Fabrication,Loose / missing fastener,Medium,Observed during shop floor round - logged via machine QR,TECH-09,Sathish Kumar,2026-02-02,Closed,2026-03-09,Rectified during next available window,Production,No,/sites/PMSystem/Photos/MC-030_119.jpg
ABN-00142,QR Walk-by,,MC-003,CNC Lathe TL-03,CELL-01,CNC Turning Line A,Machine Shop,Loose / missing fastener,Medium,Observed during shop floor round - logged via machine QR,TECH-05,Prakash R,2026-02-02,Closed,2026-03-10,Rectified during next available window,Maintenance,No,/sites/PMSystem/Photos/MC-003_142.jpg
ABN-00030,PM Checklist,WO-00104,MC-010,Gear Hobber GH-01,CELL-03,Gear Cutting Cell,Machine Shop,Abnormal noise,Medium,Task 5: Check and top up gearbox oil - outside standard (Between MIN and MAX),TECH-03,Mohammed Rafi,2026-02-04,Closed,2026-02-27,Corrective action completed and verified,Safety,No,/sites/PMSystem/Photos/MC-010_30.jpg
ABN-00135,QR Walk-by,,MC-021,Assembly Stn AS-03,CELL-05,Assembly Line 1,Assembly,Air leak,Medium,Observed during shop floor round - logged via machine QR,TECH-09,Sathish Kumar,2026-02-04,Closed,2026-03-12,Rectified during next available window,Maintenance,No,/sites/PMSystem/Photos/MC-021_135.jpg
ABN-00188,QR Walk-by,,MC-033,Press Feeder PF-01,CELL-08,Press Shop,Fabrication,Loose / missing fastener,Medium,Observed during shop floor round - logged via machine QR,TECH-08,Karthik V,2026-02-04,Closed,2026-03-13,Rectified during next available window,Safety,No,/sites/PMSystem/Photos/MC-033_188.jpg
ABN-00113,QR Walk-by,,MC-024,Paint Booth PB-01,CELL-06,Paint & Finishing,Finishing,Abnormal vibration,Medium,Observed during shop floor round - logged via machine QR,TECH-07,Ramesh Chandran,2026-02-05,Closed,2026-02-20,Rectified during next available window,Production,No,/sites/PMSystem/Photos/MC-024_113.jpg
ABN-00160,QR Walk-by,,MC-019,Assembly Stn AS-01,CELL-05,Assembly Line 1,Assembly,Wiring / cable damage,High,Observed during shop floor round - logged via machine QR,TECH-07,Ramesh Chandran,2026-02-05,Closed,2026-03-14,Rectified during next available window,Maintenance,Yes,/sites/PMSystem/Photos/MC-019_160.jpg
ABN-00064,PM Checklist,WO-00223,MC-024,Paint Booth PB-01,CELL-06,Paint & Finishing,Finishing,Oil / coolant leak,Low,"Task 8: Fire suppression and gas detection check - outside standard (System armed, no fault)",TECH-07,Ramesh Chandran,2026-02-07,Closed,2026-02-13,Corrective action completed and verified,Maintenance,No,/sites/PMSystem/Photos/MC-024_64.jpg
ABN-00046,PM Checklist,WO-00145,MC-014,Sealed Quench SQ-01,CELL-04,Heat Treatment,Heat Treat,Wiring / cable damage,Low,Task 2: Thermocouple calibration check (all zones) - outside standard (+/- 3 deg C of master),TECH-06,Deepak Nair,2026-02-08,Closed,2026-02-17,Corrective action completed and verified,Maintenance,No,/sites/PMSystem/Photos/MC-014_46.jpg
ABN-00047,PM Checklist,WO-00145,MC-014,Sealed Quench SQ-01,CELL-04,Heat Treatment,Heat Treat,Air leak,High,Task 7: Atmosphere gas flow and carbon potential probe - outside standard (Probe mV stable),TECH-06,Deepak Nair,2026-02-08,Closed,2026-02-25,Corrective action completed and verified,Safety,Yes,/sites/PMSystem/Photos/MC-014_47.jpg
ABN-00031,PM Checklist,WO-00105,MC-011,Gear Hobber GH-02,CELL-03,Gear Cutting Cell,Machine Shop,Damaged guard or cover,Medium,Task 1: Lock out / tag out verified before start - outside standard (LOTO applied),TECH-02,Suresh Babu,2026-02-11,Closed,2026-02-21,Corrective action completed and verified,Maintenance,No,/sites/PMSystem/Photos/MC-011_31.jpg
ABN-00032,PM Checklist,WO-00105,MC-011,Gear Hobber GH-02,CELL-03,Gear Cutting Cell,Machine Shop,Air leak,Medium,"Task 11: Hydraulic power pack pressure and leak check - outside standard (45 - 55 bar, no leak)",TECH-02,Suresh Babu,2026-02-11,Closed,2026-03-05,Corrective action completed and verified,Production,No,/sites/PMSystem/Photos/MC-011_32.jpg
ABN-00201,QR Walk-by,,MC-001,CNC Lathe TL-01,CELL-01,CNC Turning Line A,Machine Shop,Abnormal noise,High,Observed during shop floor round - logged via machine QR,TECH-04,Vignesh S,2026-02-13,Closed,2026-02-27,Rectified during next available window,Production,Yes,/sites/PMSystem/Photos/MC-001_201.jpg
ABN-00033,PM Checklist,WO-00106,MC-012,Gear Shaver GS-01,CELL-03,Gear Cutting Cell,Machine Shop,Housekeeping / 5S issue,High,"Task 6: Inspect timing belts / drive couplings - outside standard (No crack, correct tension)",TECH-01,Arun Kumar,2026-02-17,Closed,2026-03-13,Corrective action completed and verified,Safety,Yes,/sites/PMSystem/Photos/MC-012_33.jpg
ABN-00084,QR Walk-by,,MC-013,Deburring Unit DB-01,CELL-03,Gear Cutting Cell,Machine Shop,Abnormal noise,Low,Observed during shop floor round - logged via machine QR,TECH-08,Karthik V,2026-02-18,Closed,2026-03-10,Rectified during next available window,Safety,No,/sites/PMSystem/Photos/MC-013_84.jpg
ABN-00010,PM Checklist,WO-00029,MC-004,Bar Feeder BF-01,CELL-01,CNC Turning Line A,Machine Shop,Oil / coolant leak,High,Task 4: Bearing greasing as per lube chart - outside standard (All points),TECH-03,Mohammed Rafi,2026-02-20,Closed,2026-03-18,Corrective action completed and verified,Maintenance,Yes,/sites/PMSystem/Photos/MC-004_10.jpg
ABN-00011,PM Checklist,WO-00029,MC-004,Bar Feeder BF-01,CELL-01,CNC Turning Line A,Machine Shop,Overheating,Medium,Task 7: Condensate drain and moisture trap - outside standard (Free draining),TECH-03,Mohammed Rafi,2026-02-20,Closed,2026-03-16,Corrective action completed and verified,Production,No,/sites/PMSystem/Photos/MC-004_11.jpg
ABN-00012,PM Checklist,WO-00030,MC-005,Chip Conveyor CC-01,CELL-01,CNC Turning Line A,Machine Shop,Overheating,Medium,Task 3: Belt / chain tension and alignment - outside standard (As per OEM),TECH-02,Suresh Babu,2026-02-25,Closed,2026-03-21,Corrective action completed and verified,Safety,No,/sites/PMSystem/Photos/MC-005_12.jpg
ABN-00111,QR Walk-by,,MC-024,Paint Booth PB-01,CELL-06,Paint & Finishing,Finishing,Wiring / cable damage,High,Observed during shop floor round - logged via machine QR,TECH-02,Suresh Babu,2026-02-25,Closed,2026-03-26,Rectified during next available window,Safety,Yes,/sites/PMSystem/Photos/MC-024_111.jpg
ABN-00163,QR Walk-by,,MC-024,Paint Booth PB-01,CELL-06,Paint & Finishing,Finishing,Wiring / cable damage,Low,Observed during shop floor round - logged via machine QR,TECH-09,Sathish Kumar,2026-03-06,Closed,2026-04-05,Rectified during next available window,Safety,No,/sites/PMSystem/Photos/MC-024_163.jpg
ABN-00162,QR Walk-by,,MC-017,Quench Oil Chiller CH-01,CELL-04,Heat Treatment,Heat Treat,Loose / missing fastener,High,Observed during shop floor round - logged via machine QR,TECH-10,Naveen Raj,2026-03-08,Closed,2026-03-18,Rectified during next available window,Maintenance,Yes,/sites/PMSystem/Photos/MC-017_162.jpg
ABN-00008,PM Checklist,WO-00026,MC-001,CNC Lathe TL-01,CELL-01,CNC Turning Line A,Machine Shop,Loose / missing fastener,Medium,Task 3: Check coolant concentration - outside standard (6 - 9 %),TECH-03,Mohammed Rafi,2026-03-09,Closed,2026-03-20,Corrective action completed and verified,Safety,No,/sites/PMSystem/Photos/MC-001_8.jpg
ABN-00009,PM Checklist,WO-00026,MC-001,CNC Lathe TL-01,CELL-01,CNC Turning Line A,Machine Shop,Abnormal noise,Low,Task 8: Check hydraulic pressure - outside standard (35 - 40 bar),TECH-03,Mohammed Rafi,2026-03-09,Closed,2026-03-13,Corrective action completed and verified,Safety,No,/sites/PMSystem/Photos/MC-001_9.jpg
ABN-00131,QR Walk-by,,MC-022,Leak Test Rig LT-01,CELL-05,Assembly Line 1,Assembly,Overheating,Low,Observed during shop floor round - logged via machine QR,TECH-07,Ramesh Chandran,2026-03-10,Closed,2026-04-11,Rectified during next available window,Safety,No,/sites/PMSystem/Photos/MC-022_131.jpg
ABN-00118,QR Walk-by,,MC-021,Assembly Stn AS-03,CELL-05,Assembly Line 1,Assembly,Safety device bypassed,Medium,Observed during shop floor round - logged via machine QR,TECH-02,Suresh Babu,2026-03-24,Closed,2026-04-27,Rectified during next available window,Production,No,/sites/PMSystem/Photos/MC-021_118.jpg
ABN-00203,QR Walk-by,,MC-030,Weld Compressor AC-02,CELL-07,Robotic Welding Bay,Fabrication,Oil / coolant leak,Medium,Observed during shop floor round - logged via machine QR,TECH-03,Mohammed Rafi,2026-03-29,Closed,2026-04-27,Rectified during next available window,Production,No,/sites/PMSystem/Photos/MC-030_203.jpg
ABN-00050,PM Checklist,WO-00150,MC-014,Sealed Quench SQ-01,CELL-04,Heat Treatment,Heat Treat,Abnormal vibration,Low,Task 2: Thermocouple calibration check (all zones) - outside standard (+/- 3 deg C of master),TECH-05,Prakash R,2026-04-06,Closed,2026-04-13,Corrective action completed and verified,Production,No,/sites/PMSystem/Photos/MC-014_50.jpg
ABN-00090,QR Walk-by,,MC-030,Weld Compressor AC-02,CELL-07,Robotic Welding Bay,Fabrication,Wiring / cable damage,Medium,Observed during shop floor round - logged via machine QR,TECH-06,Deepak Nair,2026-04-11,Closed,2026-05-04,Rectified during next available window,Maintenance,No,/sites/PMSystem/Photos/MC-030_90.jpg
ABN-00122,QR Walk-by,,MC-028,Robot Weld Cell RW-02,CELL-07,Robotic Welding Bay,Fabrication,Housekeeping / 5S issue,Medium,Observed during shop floor round - logged via machine QR,TECH-02,Suresh Babu,2026-04-12,Closed,2026-05-14,Rectified during next available window,Safety,No,/sites/PMSystem/Photos/MC-028_122.jpg
ABN-00051,PM Checklist,WO-00152,MC-016,Tempering Furnace TF-01,CELL-04,Heat Treatment,Heat Treat,Oil / coolant leak,High,Task 8: Burner flame condition and flame-failure trip test - outside standard (Trips within 3 s),TECH-06,Deepak Nair,2026-04-15,Closed,2026-04-25,Corrective action completed and verified,Maintenance,Yes,/sites/PMSystem/Photos/MC-016_51.jpg
ABN-00125,QR Walk-by,,MC-003,CNC Lathe TL-03,CELL-01,CNC Turning Line A,Machine Shop,Abnormal noise,Low,Observed during shop floor round - logged via machine QR,TECH-10,Naveen Raj,2026-04-18,Closed,2026-05-10,Rectified during next available window,Production,No,/sites/PMSystem/Photos/MC-003_125.jpg
ABN-00112,QR Walk-by,,MC-006,CNC Lathe TL-04,CELL-02,CNC Turning Line B,Machine Shop,Abnormal vibration,Medium,Observed during shop floor round - logged via machine QR,TECH-10,Naveen Raj,2026-04-27,Closed,2026-05-08,Rectified during next available window,Maintenance,No,/sites/PMSystem/Photos/MC-006_112.jpg
ABN-00164,QR Walk-by,,MC-032,Hyd Press HP-02,CELL-08,Press Shop,Fabrication,Loose / missing fastener,Medium,Observed during shop floor round - logged via machine QR,TECH-05,Prakash R,2026-04-28,Closed,2026-05-30,Rectified during next available window,Production,No,/sites/PMSystem/Photos/MC-032_164.jpg
ABN-00108,QR Walk-by,,MC-030,Weld Compressor AC-02,CELL-07,Robotic Welding Bay,Fabrication,Warning lamp / alarm active,Medium,Observed during shop floor round - logged via machine QR,TECH-06,Deepak Nair,2026-05-07,Closed,2026-05-26,Rectified during next available window,Safety,No,/sites/PMSystem/Photos/MC-030_108.jpg
ABN-00116,QR Walk-by,,MC-030,Weld Compressor AC-02,CELL-07,Robotic Welding Bay,Fabrication,Safety device bypassed,Medium,Observed during shop floor round - logged via machine QR,TECH-04,Vignesh S,2026-05-09,Closed,2026-05-18,Rectified during next available window,Maintenance,No,/sites/PMSystem/Photos/MC-030_116.jpg
ABN-00013,PM Checklist,WO-00033,MC-003,CNC Lathe TL-03,CELL-01,CNC Turning Line A,Machine Shop,Abnormal vibration,Low,Task 1: Lock out / tag out verified before start - outside standard (LOTO applied),TECH-03,Mohammed Rafi,2026-05-13,Closed,2026-05-24,Corrective action completed and verified,Maintenance,No,/sites/PMSystem/Photos/MC-003_13.jpg
ABN-00155,QR Walk-by,,MC-028,Robot Weld Cell RW-02,CELL-07,Robotic Welding Bay,Fabrication,Abnormal vibration,Low,Observed during shop floor round - logged via machine QR,TECH-09,Sathish Kumar,2026-05-17,Closed,2026-06-09,Rectified during next available window,Production,No,/sites/PMSystem/Photos/MC-028_155.jpg
ABN-00093,QR Walk-by,,MC-024,Paint Booth PB-01,CELL-06,Paint & Finishing,Finishing,Abnormal noise,Low,Observed during shop floor round - logged via machine QR,TECH-03,Mohammed Rafi,2026-05-21,Closed,2026-05-30,Rectified during next available window,Safety,No,/sites/PMSystem/Photos/MC-024_93.jpg
ABN-00169,QR Walk-by,,MC-005,Chip Conveyor CC-01,CELL-01,CNC Turning Line A,Machine Shop,Air leak,Low,Observed during shop floor round - logged via machine QR,TECH-04,Vignesh S,2026-05-22,Closed,2026-06-14,Rectified during next available window,Safety,No,/sites/PMSystem/Photos/MC-005_169.jpg
ABN-00190,QR Walk-by,,MC-028,Robot Weld Cell RW-02,CELL-07,Robotic Welding Bay,Fabrication,Safety device bypassed,High,Observed during shop floor round - logged via machine QR,TECH-08,Karthik V,2026-05-24,Closed,2026-06-08,Rectified during next available window,Safety,Yes,/sites/PMSystem/Photos/MC-028_190.jpg
ABN-00189,QR Walk-by,,MC-028,Robot Weld Cell RW-02,CELL-07,Robotic Welding Bay,Fabrication,Oil / coolant leak,Low,Observed during shop floor round - logged via machine QR,TECH-10,Naveen Raj,2026-05-27,Closed,2026-06-24,Rectified during next available window,Safety,No,/sites/PMSystem/Photos/MC-028_189.jpg
ABN-00196,QR Walk-by,,MC-003,CNC Lathe TL-03,CELL-01,CNC Turning Line A,Machine Shop,Housekeeping / 5S issue,Medium,Observed during shop floor round - logged via machine QR,TECH-06,Deepak Nair,2026-06-03,Closed,2026-07-03,Rectified during next available window,Safety,No,/sites/PMSystem/Photos/MC-003_196.jpg
ABN-00109,QR Walk-by,,MC-003,CNC Lathe TL-03,CELL-01,CNC Turning Line A,Machine Shop,Air leak,Medium,Observed during shop floor round - logged via machine QR,TECH-05,Prakash R,2026-06-04,Closed,2026-07-13,Rectified during next available window,Safety,No,/sites/PMSystem/Photos/MC-003_109.jpg
ABN-00070,PM Checklist,WO-00243,MC-029,Positioner PZ-01,CELL-07,Robotic Welding Bay,Fabrication,Corrosion / rust,High,Task 1: Lock out / tag out verified before start - outside standard (LOTO applied),TECH-09,Sathish Kumar,2026-06-19,In Progress,,,Production,Yes,/sites/PMSystem/Photos/MC-029_70.jpg
ABN-00071,PM Checklist,WO-00243,MC-029,Positioner PZ-01,CELL-07,Robotic Welding Bay,Fabrication,Loose / missing fastener,Medium,Task 4: Bearing greasing as per lube chart - outside standard (All points),TECH-09,Sathish Kumar,2026-06-19,Closed,2026-07-14,Corrective action completed and verified,Safety,No,/sites/PMSystem/Photos/MC-029_71.jpg
ABN-00072,PM Checklist,WO-00243,MC-029,Positioner PZ-01,CELL-07,Robotic Welding Bay,Fabrication,Warning lamp / alarm active,Low,Task 6: Air / oil filter condition - outside standard (Clean or replace),TECH-09,Sathish Kumar,2026-06-19,Closed,2026-07-19,Corrective action completed and verified,Production,No,/sites/PMSystem/Photos/MC-029_72.jpg
ABN-00063,PM Checklist,WO-00208,MC-022,Leak Test Rig LT-01,CELL-05,Assembly Line 1,Assembly,Oil / coolant leak,Medium,Task 3: Torque tool calibration verification - outside standard (+/- 3 % of setpoint),TECH-10,Naveen Raj,2026-06-20,Closed,2026-07-17,Corrective action completed and verified,Safety,No,/sites/PMSystem/Photos/MC-022_63.jpg
ABN-00023,PM Checklist,WO-00079,MC-009,VMC MC-02,CELL-02,CNC Turning Line B,Machine Shop,Overheating,Low,Task 3: Check coolant concentration - outside standard (6 - 9 %),TECH-02,Suresh Babu,2026-06-23,Closed,2026-07-12,Corrective action completed and verified,Production,No,/sites/PMSystem/Photos/MC-009_23.jpg
ABN-00024,PM Checklist,WO-00079,MC-009,VMC MC-02,CELL-02,CNC Turning Line B,Machine Shop,Warning lamp / alarm active,Low,Task 9: Verify axis home position repeatability - outside standard (<= 0.005 mm),TECH-02,Suresh Babu,2026-06-23,Closed,2026-07-07,Corrective action completed and verified,Safety,No,/sites/PMSystem/Photos/MC-009_24.jpg
ABN-00117,QR Walk-by,,MC-007,CNC Lathe TL-05,CELL-02,CNC Turning Line B,Machine Shop,Oil / coolant leak,Low,Observed during shop floor round - logged via machine QR,TECH-01,Arun Kumar,2026-07-04,Closed,2026-07-29,Rectified during next available window,Safety,No,/sites/PMSystem/Photos/MC-007_117.jpg
ABN-00175,QR Walk-by,,MC-029,Positioner PZ-01,CELL-07,Robotic Welding Bay,Fabrication,Abnormal noise,Medium,Observed during shop floor round - logged via machine QR,TECH-03,Mohammed Rafi,2026-07-04,Closed,2026-08-04,Rectified during next available window,Production,No,/sites/PMSystem/Photos/MC-029_175.jpg
ABN-00069,PM Checklist,WO-00242,MC-028,Robot Weld Cell RW-02,CELL-07,Robotic Welding Bay,Fabrication,Oil / coolant leak,Medium,Task 4: Shielding gas flow and leak check - outside standard (15 - 20 L/min),TECH-04,Vignesh S,2026-07-06,Closed,2026-07-21,Corrective action completed and verified,Production,No,/sites/PMSystem/Photos/MC-028_69.jpg
ABN-00034,PM Checklist,WO-00108,MC-010,Gear Hobber GH-01,CELL-03,Gear Cutting Cell,Machine Shop,Oil / coolant leak,High,"Task 6: Inspect timing belts / drive couplings - outside standard (No crack, correct tension)",TECH-01,Arun Kumar,2026-07-08,Closed,2026-08-05,Corrective action completed and verified,Safety,Yes,/sites/PMSystem/Photos/MC-010_34.jpg
ABN-00052,PM Checklist,WO-00156,MC-015,Sealed Quench SQ-02,CELL-04,Heat Treatment,Heat Treat,Warning lamp / alarm active,High,Task 2: Thermocouple calibration check (all zones) - outside standard (+/- 3 deg C of master),TECH-06,Deepak Nair,2026-07-11,Closed,2026-07-16,Corrective action completed and verified,Production,Yes,/sites/PMSystem/Photos/MC-015_52.jpg
ABN-00035,PM Checklist,WO-00109,MC-011,Gear Hobber GH-02,CELL-03,Gear Cutting Cell,Machine Shop,Damaged guard or cover,Medium,"Task 2: Clean machine bed, swarf tray and coolant filter - outside standard (Filter clear)",TECH-03,Mohammed Rafi,2026-07-15,In Progress,,,Safety,No,/sites/PMSystem/Photos/MC-011_35.jpg
ABN-00036,PM Checklist,WO-00109,MC-011,Gear Hobber GH-02,CELL-03,Gear Cutting Cell,Machine Shop,Abnormal vibration,Medium,Task 4: Work spindle bearing temperature - outside standard (<= 60 deg C),TECH-03,Mohammed Rafi,2026-07-15,Open,,,Safety,No,/sites/PMSystem/Photos/MC-011_36.jpg
ABN-00206,QR Walk-by,,MC-019,Assembly Stn AS-01,CELL-05,Assembly Line 1,Assembly,Warning lamp / alarm active,Medium,Observed during shop floor round - logged via machine QR,TECH-10,Naveen Raj,2026-07-21,Closed,2026-08-30,Rectified during next available window,Safety,No,/sites/PMSystem/Photos/MC-019_206.jpg
ABN-00154,QR Walk-by,,MC-027,Robot Weld Cell RW-01,CELL-07,Robotic Welding Bay,Fabrication,Air leak,Medium,Observed during shop floor round - logged via machine QR,TECH-08,Karthik V,2026-07-24,Closed,2026-08-20,Rectified during next available window,Production,No,/sites/PMSystem/Photos/MC-027_154.jpg
ABN-00120,QR Walk-by,,MC-002,CNC Lathe TL-02,CELL-01,CNC Turning Line A,Machine Shop,Wiring / cable damage,Low,Observed during shop floor round - logged via machine QR,TECH-02,Suresh Babu,2026-07-26,Open,,,Production,No,/sites/PMSystem/Photos/MC-002_120.jpg
ABN-00087,QR Walk-by,,MC-016,Tempering Furnace TF-01,CELL-04,Heat Treatment,Heat Treat,Housekeeping / 5S issue,High,Observed during shop floor round - logged via machine QR,TECH-02,Suresh Babu,2026-07-29,Closed,2026-08-22,Rectified during next available window,Safety,Yes,/sites/PMSystem/Photos/MC-016_87.jpg
ABN-00098,QR Walk-by,,MC-020,Assembly Stn AS-02,CELL-05,Assembly Line 1,Assembly,Warning lamp / alarm active,Low,Observed during shop floor round - logged via machine QR,TECH-03,Mohammed Rafi,2026-07-29,Closed,2026-08-08,Rectified during next available window,Safety,No,/sites/PMSystem/Photos/MC-020_98.jpg
ABN-00077,QR Walk-by,,MC-013,Deburring Unit DB-01,CELL-03,Gear Cutting Cell,Machine Shop,Corrosion / rust,High,Observed during shop floor round - logged via machine QR,TECH-02,Suresh Babu,2026-08-04,Open,,,Production,Yes,/sites/PMSystem/Photos/MC-013_77.jpg
ABN-00161,QR Walk-by,,MC-002,CNC Lathe TL-02,CELL-01,CNC Turning Line A,Machine Shop,Abnormal vibration,Low,Observed during shop floor round - logged via machine QR,TECH-04,Vignesh S,2026-08-04,In Progress,,,Maintenance,No,/sites/PMSystem/Photos/MC-002_161.jpg
ABN-00128,QR Walk-by,,MC-011,Gear Hobber GH-02,CELL-03,Gear Cutting Cell,Machine Shop,Housekeeping / 5S issue,Low,Observed during shop floor round - logged via machine QR,TECH-07,Ramesh Chandran,2026-08-07,Closed,2026-09-09,Rectified during next available window,Production,No,/sites/PMSystem/Photos/MC-011_128.jpg
ABN-00129,QR Walk-by,,MC-018,HT Compressor AC-01,CELL-04,Heat Treatment,Heat Treat,Wiring / cable damage,Low,Observed during shop floor round - logged via machine QR,TECH-06,Deepak Nair,2026-08-07,Open,,,Production,No,/sites/PMSystem/Photos/MC-018_129.jpg
ABN-00204,QR Walk-by,,MC-031,Hyd Press HP-01,CELL-08,Press Shop,Fabrication,Loose / missing fastener,Low,Observed during shop floor round - logged via machine QR,TECH-04,Vignesh S,2026-08-07,Open,,,Production,No,/sites/PMSystem/Photos/MC-031_204.jpg
ABN-00214,QR Walk-by,,MC-004,Bar Feeder BF-01,CELL-01,CNC Turning Line A,Machine Shop,Oil / coolant leak,Medium,Observed during shop floor round - logged via machine QR,TECH-03,Mohammed Rafi,2026-08-09,Closed,2026-09-11,Rectified during next available window,Maintenance,No,/sites/PMSystem/Photos/MC-004_214.jpg
ABN-00170,QR Walk-by,,MC-003,CNC Lathe TL-03,CELL-01,CNC Turning Line A,Machine Shop,Wiring / cable damage,Medium,Observed during shop floor round - logged via machine QR,TECH-05,Prakash R,2026-08-22,In Progress,,,Maintenance,No,/sites/PMSystem/Photos/MC-003_170.jpg
ABN-00076,PM Checklist,WO-00258,MC-033,Press Feeder PF-01,CELL-08,Press Shop,Fabrication,Housekeeping / 5S issue,High,Task 2: General cleaning and housekeeping - outside standard (No debris),TECH-09,Sathish Kumar,2026-08-24,Open,,,Production,Yes,/sites/PMSystem/Photos/MC-033_76.jpg
ABN-00157,QR Walk-by,,MC-009,VMC MC-02,CELL-02,CNC Turning Line B,Machine Shop,Housekeeping / 5S issue,Medium,Observed during shop floor round - logged via machine QR,TECH-06,Deepak Nair,2026-08-24,Open,,,Maintenance,No,/sites/PMSystem/Photos/MC-009_157.jpg
