MonthKey,CellID,CellName,OpeningStdHrs,StdHoursAdded,ClosingStdHrs,PMIntervalStdHrs,PMTriggered,TriggerType,CarryOverAfterPM,MonthsSinceLastPM,Scenario
2024-09,CELL-01,CNC Turning Line A,3300.8,1104.9,4405.7,4000,Yes,Std Hours,405.7,0,Actual
2024-10,CELL-01,CNC Turning Line A,405.7,911.1,1316.8,4000,No,,1316.8,1,Actual
2024-11,CELL-01,CNC Turning Line A,1316.8,1099.4,2416.2,4000,No,,2416.2,2,Actual
2024-12,CELL-01,CNC Turning Line A,2416.2,1276.9,3693.1,4000,No,,3693.1,3,Actual
2025-01,CELL-01,CNC Turning Line A,3693.1,1263.1,4956.2,4000,Yes,Std Hours,956.2,4,Actual
2025-02,CELL-01,CNC Turning Line A,956.2,1342.3,2298.5,4000,No,,2298.5,1,Actual
2025-03,CELL-01,CNC Turning Line A,2298.5,1160.9,3459.4,4000,No,,3459.4,2,Actual
2025-04,CELL-01,CNC Turning Line A,3459.4,979.7,4439.1,4000,Yes,Std Hours,439.1,3,Actual
2025-05,CELL-01,CNC Turning Line A,439.1,1065.9,1505.0,4000,No,,1505.0,1,Actual
2025-06,CELL-01,CNC Turning Line A,1505.0,1136.5,2641.5,4000,No,,2641.5,2,Actual
2025-07,CELL-01,CNC Turning Line A,2641.5,1241.6,3883.1,4000,No,,3883.1,3,Actual
2025-08,CELL-01,CNC Turning Line A,3883.1,1080.7,4963.8,4000,Yes,Std Hours,963.8,4,Actual
2025-09,CELL-01,CNC Turning Line A,963.8,1238.2,2202.0,4000,No,,2202.0,1,Actual
2025-10,CELL-01,CNC Turning Line A,2202.0,1075.1,3277.1,4000,No,,3277.1,2,Actual
2025-11,CELL-01,CNC Turning Line A,3277.1,1280.4,4557.5,4000,Yes,Std Hours,557.5,3,Actual
2025-12,CELL-01,CNC Turning Line A,557.5,1171.3,1728.8,4000,No,,1728.8,1,Actual
2026-01,CELL-01,CNC Turning Line A,1728.8,1309.0,3037.8,4000,No,,3037.8,2,Actual
2026-02,CELL-01,CNC Turning Line A,3037.8,1394.6,4432.4,4000,Yes,Std Hours,432.4,3,Actual
2026-03,CELL-01,CNC Turning Line A,432.4,1200.4,1632.8,4000,No,,1632.8,1,Actual
2026-04,CELL-01,CNC Turning Line A,1632.8,1153.8,2786.6,4000,No,,2786.6,2,Actual
2026-05,CELL-01,CNC Turning Line A,2786.6,1374.8,4161.4,4000,Yes,Std Hours,161.4,3,Actual
2026-06,CELL-01,CNC Turning Line A,161.4,1250.4,1411.8,4000,No,,1411.8,1,Actual
2026-07,CELL-01,CNC Turning Line A,1411.8,1188.6,2600.4,4000,No,,2600.4,2,Actual
2026-08,CELL-01,CNC Turning Line A,2600.4,1346.9,3947.3,4000,No,,3947.3,3,Actual
2026-09,CELL-01,CNC Turning Line A,3947.3,1373.0,5320.3,4000,Yes,Std Hours,1320.3,4,Forecast
2026-10,CELL-01,CNC Turning Line A,1320.3,1042.4,2362.7,4000,No,,2362.7,1,Forecast
2026-11,CELL-01,CNC Turning Line A,2362.7,1271.3,3634.0,4000,No,,3634.0,2,Forecast
2026-12,CELL-01,CNC Turning Line A,3634.0,1271.3,4905.3,4000,Yes,Std Hours,905.3,3,Forecast
2027-01,CELL-01,CNC Turning Line A,905.3,1271.3,2176.6,4000,No,,2176.6,1,Forecast
2027-02,CELL-01,CNC Turning Line A,2176.6,1271.3,3447.9,4000,No,,3447.9,2,Forecast
2027-03,CELL-01,CNC Turning Line A,3447.9,1373.0,4820.9,4000,Yes,Std Hours,820.9,3,Forecast
2027-04,CELL-01,CNC Turning Line A,820.9,1042.4,1863.3,4000,No,,1863.3,1,Forecast
2027-05,CELL-01,CNC Turning Line A,1863.3,1271.3,3134.6,4000,No,,3134.6,2,Forecast
2027-06,CELL-01,CNC Turning Line A,3134.6,1271.3,4405.9,4000,Yes,Std Hours,405.9,3,Forecast
2027-07,CELL-01,CNC Turning Line A,405.9,1271.3,1677.2,4000,No,,1677.2,1,Forecast
2027-08,CELL-01,CNC Turning Line A,1677.2,1271.3,2948.5,4000,No,,2948.5,2,Forecast
2024-09,CELL-02,CNC Turning Line B,3164.4,937.7,4102.1,4000,Yes,Std Hours,102.1,0,Actual
2024-10,CELL-02,CNC Turning Line B,102.1,713.4,815.5,4000,No,,815.5,1,Actual
2024-11,CELL-02,CNC Turning Line B,815.5,1076.9,1892.4,4000,No,,1892.4,2,Actual
2024-12,CELL-02,CNC Turning Line B,1892.4,1010.6,2903.0,4000,No,,2903.0,3,Actual
2025-01,CELL-02,CNC Turning Line B,2903.0,1067.3,3970.3,4000,No,,3970.3,4,Actual
2025-02,CELL-02,CNC Turning Line B,3970.3,1046.8,5017.1,4000,Yes,Std Hours,1017.1,5,Actual
2025-03,CELL-02,CNC Turning Line B,1017.1,1073.7,2090.8,4000,No,,2090.8,1,Actual
2025-04,CELL-02,CNC Turning Line B,2090.8,914.6,3005.4,4000,No,,3005.4,2,Actual
2025-05,CELL-02,CNC Turning Line B,3005.4,952.1,3957.5,4000,No,,3957.5,3,Actual
2025-06,CELL-02,CNC Turning Line B,3957.5,1000.7,4958.2,4000,Yes,Std Hours,958.2,4,Actual
2025-07,CELL-02,CNC Turning Line B,958.2,1078.0,2036.2,4000,No,,2036.2,1,Actual
2025-08,CELL-02,CNC Turning Line B,2036.2,1020.5,3056.7,4000,No,,3056.7,2,Actual
2025-09,CELL-02,CNC Turning Line B,3056.7,1175.6,4232.3,4000,Yes,Std Hours,232.3,3,Actual
2025-10,CELL-02,CNC Turning Line B,232.3,828.6,1060.9,4000,No,,1060.9,1,Actual
2025-11,CELL-02,CNC Turning Line B,1060.9,1046.5,2107.4,4000,No,,2107.4,2,Actual
2025-12,CELL-02,CNC Turning Line B,2107.4,864.6,2972.0,4000,No,,2972.0,3,Actual
2026-01,CELL-02,CNC Turning Line B,2972.0,915.7,3887.7,4000,No,,3887.7,4,Actual
2026-02,CELL-02,CNC Turning Line B,3887.7,933.4,4821.1,4000,Yes,Std Hours,821.1,5,Actual
2026-03,CELL-02,CNC Turning Line B,821.1,945.9,1767.0,4000,No,,1767.0,1,Actual
2026-04,CELL-02,CNC Turning Line B,1767.0,753.6,2520.6,4000,No,,2520.6,2,Actual
2026-05,CELL-02,CNC Turning Line B,2520.6,883.0,3403.6,4000,No,,3403.6,3,Actual
2026-06,CELL-02,CNC Turning Line B,3403.6,932.9,4336.5,4000,Yes,Std Hours,336.5,4,Actual
2026-07,CELL-02,CNC Turning Line B,336.5,1033.3,1369.8,4000,No,,1369.8,1,Actual
2026-08,CELL-02,CNC Turning Line B,1369.8,865.7,2235.5,4000,No,,2235.5,2,Actual
2026-09,CELL-02,CNC Turning Line B,2235.5,1025.7,3261.2,4000,No,,3261.2,3,Forecast
2026-10,CELL-02,CNC Turning Line B,3261.2,778.8,4040.0,4000,Yes,Std Hours,40.0,4,Forecast
2026-11,CELL-02,CNC Turning Line B,40.0,949.7,989.7,4000,No,,989.7,1,Forecast
2026-12,CELL-02,CNC Turning Line B,989.7,949.7,1939.4,4000,No,,1939.4,2,Forecast
2027-01,CELL-02,CNC Turning Line B,1939.4,949.7,2889.1,4000,No,,2889.1,3,Forecast
2027-02,CELL-02,CNC Turning Line B,2889.1,949.7,3838.8,4000,No,,3838.8,4,Forecast
2027-03,CELL-02,CNC Turning Line B,3838.8,1025.7,4864.5,4000,Yes,Std Hours,864.5,5,Forecast
2027-04,CELL-02,CNC Turning Line B,864.5,778.8,1643.3,4000,No,,1643.3,1,Forecast
2027-05,CELL-02,CNC Turning Line B,1643.3,949.7,2593.0,4000,No,,2593.0,2,Forecast
2027-06,CELL-02,CNC Turning Line B,2593.0,949.7,3542.7,4000,No,,3542.7,3,Forecast
2027-07,CELL-02,CNC Turning Line B,3542.7,949.7,4492.4,4000,Yes,Std Hours,492.4,4,Forecast
2027-08,CELL-02,CNC Turning Line B,492.4,949.7,1442.1,4000,No,,1442.1,1,Forecast
2024-09,CELL-03,Gear Cutting Cell,2915.8,754.0,3669.8,4000,No,,3669.8,0,Actual
2024-10,CELL-03,Gear Cutting Cell,3669.8,583.2,4253.0,4000,Yes,Std Hours,253.0,1,Actual
2024-11,CELL-03,Gear Cutting Cell,253.0,854.9,1107.9,4000,No,,1107.9,1,Actual
2024-12,CELL-03,Gear Cutting Cell,1107.9,794.3,1902.2,4000,No,,1902.2,2,Actual
2025-01,CELL-03,Gear Cutting Cell,1902.2,786.9,2689.1,4000,No,,2689.1,3,Actual
2025-02,CELL-03,Gear Cutting Cell,2689.1,694.1,3383.2,4000,No,,3383.2,4,Actual
2025-03,CELL-03,Gear Cutting Cell,3383.2,879.7,4262.9,4000,Yes,Std Hours,262.9,5,Actual
2025-04,CELL-03,Gear Cutting Cell,262.9,569.2,832.1,4000,No,,832.1,1,Actual
2025-05,CELL-03,Gear Cutting Cell,832.1,741.3,1573.4,4000,No,,1573.4,2,Actual
2025-06,CELL-03,Gear Cutting Cell,1573.4,873.4,2446.8,4000,No,,2446.8,3,Actual
2025-07,CELL-03,Gear Cutting Cell,2446.8,799.2,3246.0,4000,No,,3246.0,4,Actual
2025-08,CELL-03,Gear Cutting Cell,3246.0,782.2,4028.2,4000,Yes,Std Hours,28.2,5,Actual
2025-09,CELL-03,Gear Cutting Cell,28.2,875.6,903.8,4000,No,,903.8,1,Actual
2025-10,CELL-03,Gear Cutting Cell,903.8,693.6,1597.4,4000,No,,1597.4,2,Actual
2025-11,CELL-03,Gear Cutting Cell,1597.4,832.4,2429.8,4000,No,,2429.8,3,Actual
2025-12,CELL-03,Gear Cutting Cell,2429.8,714.9,3144.7,4000,No,,3144.7,4,Actual
2026-01,CELL-03,Gear Cutting Cell,3144.7,673.0,3817.7,4000,No,,3817.7,5,Actual
2026-02,CELL-03,Gear Cutting Cell,3817.7,735.4,4553.1,4000,Yes,Std Hours,553.1,6,Actual
2026-03,CELL-03,Gear Cutting Cell,553.1,783.9,1337.0,4000,No,,1337.0,1,Actual
2026-04,CELL-03,Gear Cutting Cell,1337.0,585.8,1922.8,4000,No,,1922.8,2,Actual
2026-05,CELL-03,Gear Cutting Cell,1922.8,874.7,2797.5,4000,No,,2797.5,3,Actual
2026-06,CELL-03,Gear Cutting Cell,2797.5,861.2,3658.7,4000,No,,3658.7,4,Actual
2026-07,CELL-03,Gear Cutting Cell,3658.7,739.5,4398.2,4000,Yes,Std Hours,398.2,5,Actual
2026-08,CELL-03,Gear Cutting Cell,398.2,736.1,1134.3,4000,No,,1134.3,1,Actual
2026-09,CELL-03,Gear Cutting Cell,1134.3,891.1,2025.4,4000,No,,2025.4,2,Forecast
2026-10,CELL-03,Gear Cutting Cell,2025.4,676.6,2702.0,4000,No,,2702.0,3,Forecast
2026-11,CELL-03,Gear Cutting Cell,2702.0,825.1,3527.1,4000,No,,3527.1,4,Forecast
2026-12,CELL-03,Gear Cutting Cell,3527.1,825.1,4352.2,4000,Yes,Std Hours,352.2,5,Forecast
2027-01,CELL-03,Gear Cutting Cell,352.2,825.1,1177.3,4000,No,,1177.3,1,Forecast
2027-02,CELL-03,Gear Cutting Cell,1177.3,825.1,2002.4,4000,No,,2002.4,2,Forecast
2027-03,CELL-03,Gear Cutting Cell,2002.4,891.1,2893.5,4000,No,,2893.5,3,Forecast
2027-04,CELL-03,Gear Cutting Cell,2893.5,676.6,3570.1,4000,No,,3570.1,4,Forecast
2027-05,CELL-03,Gear Cutting Cell,3570.1,825.1,4395.2,4000,Yes,Std Hours,395.2,5,Forecast
2027-06,CELL-03,Gear Cutting Cell,395.2,825.1,1220.3,4000,No,,1220.3,1,Forecast
2027-07,CELL-03,Gear Cutting Cell,1220.3,825.1,2045.4,4000,No,,2045.4,2,Forecast
2027-08,CELL-03,Gear Cutting Cell,2045.4,825.1,2870.5,4000,No,,2870.5,3,Forecast
2024-09,CELL-04,Heat Treatment,732.2,1687.5,2419.7,4000,No,,2419.7,0,Actual
2024-10,CELL-04,Heat Treatment,2419.7,1136.5,3556.2,4000,No,,3556.2,1,Actual
2024-11,CELL-04,Heat Treatment,3556.2,1311.9,4868.1,4000,Yes,Std Hours,868.1,2,Actual
2024-12,CELL-04,Heat Treatment,868.1,1306.7,2174.8,4000,No,,2174.8,1,Actual
2025-01,CELL-04,Heat Treatment,2174.8,1432.8,3607.6,4000,No,,3607.6,2,Actual
2025-02,CELL-04,Heat Treatment,3607.6,1317.1,4924.7,4000,Yes,Std Hours,924.7,3,Actual
2025-03,CELL-04,Heat Treatment,924.7,1562.2,2486.9,4000,No,,2486.9,1,Actual
2025-04,CELL-04,Heat Treatment,2486.9,1289.7,3776.6,4000,No,,3776.6,2,Actual
2025-05,CELL-04,Heat Treatment,3776.6,1377.4,5154.0,4000,Yes,Std Hours,1154.0,3,Actual
2025-06,CELL-04,Heat Treatment,1154.0,1307.9,2461.9,4000,No,,2461.9,1,Actual
2025-07,CELL-04,Heat Treatment,2461.9,1619.8,4081.7,4000,Yes,Std Hours,81.7,2,Actual
2025-08,CELL-04,Heat Treatment,81.7,1427.7,1509.4,4000,No,,1509.4,1,Actual
2025-09,CELL-04,Heat Treatment,1509.4,1363.7,2873.1,4000,No,,2873.1,2,Actual
2025-10,CELL-04,Heat Treatment,2873.1,1022.7,3895.8,4000,No,,3895.8,3,Actual
2025-11,CELL-04,Heat Treatment,3895.8,1274.1,5169.9,4000,Yes,Std Hours,1169.9,4,Actual
2025-12,CELL-04,Heat Treatment,1169.9,1483.8,2653.7,4000,No,,2653.7,1,Actual
2026-01,CELL-04,Heat Treatment,2653.7,1552.2,4205.9,4000,Yes,Std Hours,205.9,2,Actual
2026-02,CELL-04,Heat Treatment,205.9,1405.8,1611.7,4000,No,,1611.7,1,Actual
2026-03,CELL-04,Heat Treatment,1611.7,1364.5,2976.2,4000,No,,2976.2,2,Actual
2026-04,CELL-04,Heat Treatment,2976.2,1142.9,4119.1,4000,Yes,Std Hours,119.1,3,Actual
2026-05,CELL-04,Heat Treatment,119.1,1644.3,1763.4,4000,No,,1763.4,1,Actual
2026-06,CELL-04,Heat Treatment,1763.4,1457.7,3221.1,4000,No,,3221.1,2,Actual
2026-07,CELL-04,Heat Treatment,3221.1,1639.2,4860.3,4000,Yes,Std Hours,860.3,3,Actual
2026-08,CELL-04,Heat Treatment,860.3,1442.4,2302.7,4000,No,,2302.7,1,Actual
2026-09,CELL-04,Heat Treatment,2302.7,1706.8,4009.5,4000,Yes,Std Hours,9.5,2,Forecast
2026-10,CELL-04,Heat Treatment,9.5,1295.9,1305.4,4000,No,,1305.4,1,Forecast
2026-11,CELL-04,Heat Treatment,1305.4,1580.4,2885.8,4000,No,,2885.8,2,Forecast
2026-12,CELL-04,Heat Treatment,2885.8,1580.4,4466.2,4000,Yes,Std Hours,466.2,3,Forecast
2027-01,CELL-04,Heat Treatment,466.2,1580.4,2046.6,4000,No,,2046.6,1,Forecast
2027-02,CELL-04,Heat Treatment,2046.6,1580.4,3627.0,4000,No,,3627.0,2,Forecast
2027-03,CELL-04,Heat Treatment,3627.0,1706.8,5333.8,4000,Yes,Std Hours,1333.8,3,Forecast
2027-04,CELL-04,Heat Treatment,1333.8,1295.9,2629.7,4000,No,,2629.7,1,Forecast
2027-05,CELL-04,Heat Treatment,2629.7,1580.4,4210.1,4000,Yes,Std Hours,210.1,2,Forecast
2027-06,CELL-04,Heat Treatment,210.1,1580.4,1790.5,4000,No,,1790.5,1,Forecast
2027-07,CELL-04,Heat Treatment,1790.5,1580.4,3370.9,4000,No,,3370.9,2,Forecast
2027-08,CELL-04,Heat Treatment,3370.9,1580.4,4951.3,4000,Yes,Std Hours,951.3,3,Forecast
2024-09,CELL-05,Assembly Line 1,1754.1,1020.6,2774.7,4000,No,,2774.7,0,Actual
2024-10,CELL-05,Assembly Line 1,2774.7,764.0,3538.7,4000,No,,3538.7,1,Actual
2024-11,CELL-05,Assembly Line 1,3538.7,892.3,4431.0,4000,Yes,Std Hours,431.0,2,Actual
2024-12,CELL-05,Assembly Line 1,431.0,822.3,1253.3,4000,No,,1253.3,1,Actual
2025-01,CELL-05,Assembly Line 1,1253.3,911.0,2164.3,4000,No,,2164.3,2,Actual
2025-02,CELL-05,Assembly Line 1,2164.3,778.1,2942.4,4000,No,,2942.4,3,Actual
2025-03,CELL-05,Assembly Line 1,2942.4,922.1,3864.5,4000,No,,3864.5,4,Actual
2025-04,CELL-05,Assembly Line 1,3864.5,701.2,4565.7,4000,Yes,Std Hours,565.7,5,Actual
2025-05,CELL-05,Assembly Line 1,565.7,972.7,1538.4,4000,No,,1538.4,1,Actual
2025-06,CELL-05,Assembly Line 1,1538.4,950.2,2488.6,4000,No,,2488.6,2,Actual
2025-07,CELL-05,Assembly Line 1,2488.6,799.7,3288.3,4000,No,,3288.3,3,Actual
2025-08,CELL-05,Assembly Line 1,3288.3,853.3,4141.6,4000,Yes,Std Hours,141.6,4,Actual
2025-09,CELL-05,Assembly Line 1,141.6,835.3,976.9,4000,No,,976.9,1,Actual
2025-10,CELL-05,Assembly Line 1,976.9,774.4,1751.3,4000,No,,1751.3,2,Actual
2025-11,CELL-05,Assembly Line 1,1751.3,930.8,2682.1,4000,No,,2682.1,3,Actual
2025-12,CELL-05,Assembly Line 1,2682.1,792.7,3474.8,4000,No,,3474.8,4,Actual
2026-01,CELL-05,Assembly Line 1,3474.8,869.4,4344.2,4000,Yes,Std Hours,344.2,5,Actual
2026-02,CELL-05,Assembly Line 1,344.2,859.1,1203.3,4000,No,,1203.3,1,Actual
2026-03,CELL-05,Assembly Line 1,1203.3,809.7,2013.0,4000,No,,2013.0,2,Actual
2026-04,CELL-05,Assembly Line 1,2013.0,728.2,2741.2,4000,No,,2741.2,3,Actual
2026-05,CELL-05,Assembly Line 1,2741.2,833.2,3574.4,4000,No,,3574.4,4,Actual
2026-06,CELL-05,Assembly Line 1,3574.4,885.0,4459.4,4000,Yes,Std Hours,459.4,5,Actual
2026-07,CELL-05,Assembly Line 1,459.4,824.7,1284.1,4000,No,,1284.1,1,Actual
2026-08,CELL-05,Assembly Line 1,1284.1,632.9,1917.0,4000,No,,1917.0,2,Actual
2026-09,CELL-05,Assembly Line 1,1917.0,915.4,2832.4,4000,No,,2832.4,3,Forecast
2026-10,CELL-05,Assembly Line 1,2832.4,695.1,3527.5,4000,No,,3527.5,4,Forecast
2026-11,CELL-05,Assembly Line 1,3527.5,847.6,4375.1,4000,Yes,Std Hours,375.1,5,Forecast
2026-12,CELL-05,Assembly Line 1,375.1,847.6,1222.7,4000,No,,1222.7,1,Forecast
2027-01,CELL-05,Assembly Line 1,1222.7,847.6,2070.3,4000,No,,2070.3,2,Forecast
2027-02,CELL-05,Assembly Line 1,2070.3,847.6,2917.9,4000,No,,2917.9,3,Forecast
2027-03,CELL-05,Assembly Line 1,2917.9,915.4,3833.3,4000,No,,3833.3,4,Forecast
2027-04,CELL-05,Assembly Line 1,3833.3,695.1,4528.4,4000,Yes,Std Hours,528.4,5,Forecast
2027-05,CELL-05,Assembly Line 1,528.4,847.6,1376.0,4000,No,,1376.0,1,Forecast
2027-06,CELL-05,Assembly Line 1,1376.0,847.6,2223.6,4000,No,,2223.6,2,Forecast
2027-07,CELL-05,Assembly Line 1,2223.6,847.6,3071.2,4000,No,,3071.2,3,Forecast
2027-08,CELL-05,Assembly Line 1,3071.2,847.6,3918.8,4000,No,,3918.8,4,Forecast
2024-09,CELL-06,Paint & Finishing,884.0,392.6,1276.6,4000,No,,1276.6,0,Actual
2024-10,CELL-06,Paint & Finishing,1276.6,386.0,1662.6,4000,No,,1662.6,1,Actual
2024-11,CELL-06,Paint & Finishing,1662.6,465.0,2127.6,4000,No,,2127.6,2,Actual
2024-12,CELL-06,Paint & Finishing,2127.6,459.7,2587.3,4000,No,,2587.3,3,Actual
2025-01,CELL-06,Paint & Finishing,2587.3,398.2,2985.5,4000,No,,2985.5,4,Actual
2025-02,CELL-06,Paint & Finishing,2985.5,369.0,3354.5,4000,No,,3354.5,5,Actual
2025-03,CELL-06,Paint & Finishing,3354.5,503.2,3857.7,4000,No,,3857.7,6,Actual
2025-04,CELL-06,Paint & Finishing,3857.7,389.0,4246.7,4000,Yes,Std Hours,246.7,7,Actual
2025-05,CELL-06,Paint & Finishing,246.7,372.9,619.6,4000,No,,619.6,1,Actual
2025-06,CELL-06,Paint & Finishing,619.6,420.4,1040.0,4000,No,,1040.0,2,Actual
2025-07,CELL-06,Paint & Finishing,1040.0,371.3,1411.3,4000,No,,1411.3,3,Actual
2025-08,CELL-06,Paint & Finishing,1411.3,453.3,1864.6,4000,No,,1864.6,4,Actual
2025-09,CELL-06,Paint & Finishing,1864.6,490.5,2355.1,4000,No,,2355.1,5,Actual
2025-10,CELL-06,Paint & Finishing,2355.1,310.7,2665.8,4000,No,,2665.8,6,Actual
2025-11,CELL-06,Paint & Finishing,2665.8,420.2,3086.0,4000,No,,3086.0,7,Actual
2025-12,CELL-06,Paint & Finishing,3086.0,429.3,3515.3,4000,No,,3515.3,8,Actual
2026-01,CELL-06,Paint & Finishing,3515.3,395.8,3911.1,4000,No,,3911.1,9,Actual
2026-02,CELL-06,Paint & Finishing,3911.1,468.1,4379.2,4000,Yes,Std Hours,379.2,10,Actual
2026-03,CELL-06,Paint & Finishing,379.2,448.2,827.4,4000,No,,827.4,1,Actual
2026-04,CELL-06,Paint & Finishing,827.4,319.9,1147.3,4000,No,,1147.3,2,Actual
2026-05,CELL-06,Paint & Finishing,1147.3,429.2,1576.5,4000,No,,1576.5,3,Actual
2026-06,CELL-06,Paint & Finishing,1576.5,452.1,2028.6,4000,No,,2028.6,4,Actual
2026-07,CELL-06,Paint & Finishing,2028.6,389.4,2418.0,4000,No,,2418.0,5,Actual
2026-08,CELL-06,Paint & Finishing,2418.0,363.8,2781.8,4000,No,,2781.8,6,Actual
2026-09,CELL-06,Paint & Finishing,2781.8,457.5,3239.3,4000,No,,3239.3,7,Forecast
2026-10,CELL-06,Paint & Finishing,3239.3,347.3,3586.6,4000,No,,3586.6,8,Forecast
2026-11,CELL-06,Paint & Finishing,3586.6,423.6,4010.2,4000,Yes,Std Hours,10.2,9,Forecast
2026-12,CELL-06,Paint & Finishing,10.2,423.6,433.8,4000,No,,433.8,1,Forecast
2027-01,CELL-06,Paint & Finishing,433.8,423.6,857.4,4000,No,,857.4,2,Forecast
2027-02,CELL-06,Paint & Finishing,857.4,423.6,1281.0,4000,No,,1281.0,3,Forecast
2027-03,CELL-06,Paint & Finishing,1281.0,457.5,1738.5,4000,No,,1738.5,4,Forecast
2027-04,CELL-06,Paint & Finishing,1738.5,347.3,2085.8,4000,No,,2085.8,5,Forecast
2027-05,CELL-06,Paint & Finishing,2085.8,423.6,2509.4,4000,No,,2509.4,6,Forecast
2027-06,CELL-06,Paint & Finishing,2509.4,423.6,2933.0,4000,No,,2933.0,7,Forecast
2027-07,CELL-06,Paint & Finishing,2933.0,423.6,3356.6,4000,No,,3356.6,8,Forecast
2027-08,CELL-06,Paint & Finishing,3356.6,423.6,3780.2,4000,No,,3780.2,9,Forecast
2024-09,CELL-07,Robotic Welding Bay,1483.3,720.2,2203.5,4000,No,,2203.5,0,Actual
2024-10,CELL-07,Robotic Welding Bay,2203.5,520.8,2724.3,4000,No,,2724.3,1,Actual
2024-11,CELL-07,Robotic Welding Bay,2724.3,656.0,3380.3,4000,No,,3380.3,2,Actual
2024-12,CELL-07,Robotic Welding Bay,3380.3,589.3,3969.6,4000,No,,3969.6,3,Actual
2025-01,CELL-07,Robotic Welding Bay,3969.6,614.5,4584.1,4000,Yes,Std Hours,584.1,4,Actual
2025-02,CELL-07,Robotic Welding Bay,584.1,641.9,1226.0,4000,No,,1226.0,1,Actual
2025-03,CELL-07,Robotic Welding Bay,1226.0,751.6,1977.6,4000,No,,1977.6,2,Actual
2025-04,CELL-07,Robotic Welding Bay,1977.6,519.9,2497.5,4000,No,,2497.5,3,Actual
2025-05,CELL-07,Robotic Welding Bay,2497.5,638.4,3135.9,4000,No,,3135.9,4,Actual
2025-06,CELL-07,Robotic Welding Bay,3135.9,615.5,3751.4,4000,No,,3751.4,5,Actual
2025-07,CELL-07,Robotic Welding Bay,3751.4,732.4,4483.8,4000,Yes,Std Hours,483.8,6,Actual
2025-08,CELL-07,Robotic Welding Bay,483.8,659.3,1143.1,4000,No,,1143.1,1,Actual
2025-09,CELL-07,Robotic Welding Bay,1143.1,866.6,2009.7,4000,No,,2009.7,2,Actual
2025-10,CELL-07,Robotic Welding Bay,2009.7,656.8,2666.5,4000,No,,2666.5,3,Actual
2025-11,CELL-07,Robotic Welding Bay,2666.5,646.7,3313.2,4000,No,,3313.2,4,Actual
2025-12,CELL-07,Robotic Welding Bay,3313.2,687.8,4001.0,4000,Yes,Std Hours,1.0,5,Actual
2026-01,CELL-07,Robotic Welding Bay,1.0,785.1,786.1,4000,No,,786.1,1,Actual
2026-02,CELL-07,Robotic Welding Bay,786.1,696.5,1482.6,4000,No,,1482.6,2,Actual
2026-03,CELL-07,Robotic Welding Bay,1482.6,740.8,2223.4,4000,No,,2223.4,3,Actual
2026-04,CELL-07,Robotic Welding Bay,2223.4,710.4,2933.8,4000,No,,2933.8,4,Actual
2026-05,CELL-07,Robotic Welding Bay,2933.8,795.4,3729.2,4000,No,,3729.2,5,Actual
2026-06,CELL-07,Robotic Welding Bay,3729.2,781.6,4510.8,4000,Yes,Std Hours,510.8,6,Actual
2026-07,CELL-07,Robotic Welding Bay,510.8,858.8,1369.6,4000,No,,1369.6,1,Actual
2026-08,CELL-07,Robotic Welding Bay,1369.6,788.1,2157.7,4000,No,,2157.7,2,Actual
2026-09,CELL-07,Robotic Welding Bay,2157.7,876.9,3034.6,4000,No,,3034.6,3,Forecast
2026-10,CELL-07,Robotic Welding Bay,3034.6,665.8,3700.4,4000,No,,3700.4,4,Forecast
2026-11,CELL-07,Robotic Welding Bay,3700.4,811.9,4512.3,4000,Yes,Std Hours,512.3,5,Forecast
2026-12,CELL-07,Robotic Welding Bay,512.3,811.9,1324.2,4000,No,,1324.2,1,Forecast
2027-01,CELL-07,Robotic Welding Bay,1324.2,811.9,2136.1,4000,No,,2136.1,2,Forecast
2027-02,CELL-07,Robotic Welding Bay,2136.1,811.9,2948.0,4000,No,,2948.0,3,Forecast
2027-03,CELL-07,Robotic Welding Bay,2948.0,876.9,3824.9,4000,No,,3824.9,4,Forecast
2027-04,CELL-07,Robotic Welding Bay,3824.9,665.8,4490.7,4000,Yes,Std Hours,490.7,5,Forecast
2027-05,CELL-07,Robotic Welding Bay,490.7,811.9,1302.6,4000,No,,1302.6,1,Forecast
2027-06,CELL-07,Robotic Welding Bay,1302.6,811.9,2114.5,4000,No,,2114.5,2,Forecast
2027-07,CELL-07,Robotic Welding Bay,2114.5,811.9,2926.4,4000,No,,2926.4,3,Forecast
2027-08,CELL-07,Robotic Welding Bay,2926.4,811.9,3738.3,4000,No,,3738.3,4,Forecast
2024-09,CELL-08,Press Shop,387.6,316.2,703.8,4000,No,,703.8,0,Actual
2024-10,CELL-08,Press Shop,703.8,265.0,968.8,4000,No,,968.8,1,Actual
2024-11,CELL-08,Press Shop,968.8,322.1,1290.9,4000,No,,1290.9,2,Actual
2024-12,CELL-08,Press Shop,1290.9,325.6,1616.5,4000,No,,1616.5,3,Actual
2025-01,CELL-08,Press Shop,1616.5,349.3,1965.8,4000,No,,1965.8,4,Actual
2025-02,CELL-08,Press Shop,1965.8,343.7,2309.5,4000,No,,2309.5,5,Actual
2025-03,CELL-08,Press Shop,2309.5,401.5,2711.0,4000,No,,2711.0,6,Actual
2025-04,CELL-08,Press Shop,2711.0,237.9,2948.9,4000,No,,2948.9,7,Actual
2025-05,CELL-08,Press Shop,2948.9,317.6,3266.5,4000,No,,3266.5,8,Actual
2025-06,CELL-08,Press Shop,3266.5,311.4,3577.9,4000,No,,3577.9,9,Actual
2025-07,CELL-08,Press Shop,3577.9,358.6,3936.5,4000,No,,3936.5,10,Actual
2025-08,CELL-08,Press Shop,3936.5,302.3,4238.8,4000,Yes,Std Hours,238.8,11,Actual
2025-09,CELL-08,Press Shop,238.8,320.3,559.1,4000,No,,559.1,1,Actual
2025-10,CELL-08,Press Shop,559.1,262.1,821.2,4000,No,,821.2,2,Actual
2025-11,CELL-08,Press Shop,821.2,316.8,1138.0,4000,No,,1138.0,3,Actual
2025-12,CELL-08,Press Shop,1138.0,303.4,1441.4,4000,No,,1441.4,4,Actual
2026-01,CELL-08,Press Shop,1441.4,300.4,1741.8,4000,No,,1741.8,5,Actual
2026-02,CELL-08,Press Shop,1741.8,360.8,2102.6,4000,No,,2102.6,6,Actual
2026-03,CELL-08,Press Shop,2102.6,342.4,2445.0,4000,No,,2445.0,7,Actual
2026-04,CELL-08,Press Shop,2445.0,290.5,2735.5,4000,No,,2735.5,8,Actual
2026-05,CELL-08,Press Shop,2735.5,325.8,3061.3,4000,No,,3061.3,9,Actual
2026-06,CELL-08,Press Shop,3061.3,280.5,3341.8,4000,No,,3341.8,10,Actual
2026-07,CELL-08,Press Shop,3341.8,365.2,3707.0,4000,No,,3707.0,11,Actual
2026-08,CELL-08,Press Shop,3707.0,316.2,4023.2,4000,Yes,Std Hours,23.2,12,Actual
2026-09,CELL-08,Press Shop,23.2,349.7,372.9,4000,No,,372.9,1,Forecast
2026-10,CELL-08,Press Shop,372.9,265.5,638.4,4000,No,,638.4,2,Forecast
2026-11,CELL-08,Press Shop,638.4,323.8,962.2,4000,No,,962.2,3,Forecast
2026-12,CELL-08,Press Shop,962.2,323.8,1286.0,4000,No,,1286.0,4,Forecast
2027-01,CELL-08,Press Shop,1286.0,323.8,1609.8,4000,No,,1609.8,5,Forecast
2027-02,CELL-08,Press Shop,1609.8,323.8,1933.6,4000,No,,1933.6,6,Forecast
2027-03,CELL-08,Press Shop,1933.6,349.7,2283.3,4000,No,,2283.3,7,Forecast
2027-04,CELL-08,Press Shop,2283.3,265.5,2548.8,4000,No,,2548.8,8,Forecast
2027-05,CELL-08,Press Shop,2548.8,323.8,2872.6,4000,No,,2872.6,9,Forecast
2027-06,CELL-08,Press Shop,2872.6,323.8,3196.4,4000,No,,3196.4,10,Forecast
2027-07,CELL-08,Press Shop,3196.4,323.8,3520.2,4000,No,,3520.2,11,Forecast
2027-08,CELL-08,Press Shop,3520.2,323.8,3844.0,4000,Yes,Calendar Backstop,0.0,12,Forecast
