WOID,CycleID,CellID,CellName,Area,MachineID,MachineName,MachineType,Criticality,PMType,TriggerType,TriggerStdHrs,PlanMonth,PlannedDate,DueDate,AssignedTechID,AssignedTechName,Shift,Status,ActualStartDate,ActualEndDate,DurationMin,ChecklistTotalTasks,ChecklistDoneTasks,ChecklistFailTasks,ChecklistCompletionPct,MachineQRScanned,PMResult,OnTimeFlag,StdMinutes,Remarks
WO-00001,CELL-01-C01,CELL-01,CNC Turning Line A,Machine Shop,MC-001,CNC Lathe TL-01,CNC Turning Center,A,PM-4000,Std Hours,4405.7,2024-09,2024-09-05,2024-09-30,TECH-02,Suresh Babu,Shift A,Completed,2024-09-06,2024-09-06,140,14,14,1,100.0,Yes,Pass with observation,Yes,150,
WO-00002,CELL-01-C01,CELL-01,CNC Turning Line A,Machine Shop,MC-002,CNC Lathe TL-02,CNC Turning Center,A,PM-4000,Std Hours,4405.7,2024-09,2024-09-11,2024-09-30,TECH-01,Arun Kumar,Shift A,Completed,2024-09-13,2024-09-13,118,14,14,0,100.0,Yes,Pass,Yes,150,
WO-00003,CELL-01-C01,CELL-01,CNC Turning Line A,Machine Shop,MC-003,CNC Lathe TL-03,CNC Turning Center,A,PM-4000,Std Hours,4405.7,2024-09,2024-09-16,2024-09-30,TECH-03,Mohammed Rafi,Shift B,Completed,2024-09-15,2024-09-15,154,14,14,2,100.0,Yes,Pass with observation,Yes,150,
WO-00004,CELL-01-C01,CELL-01,CNC Turning Line A,Machine Shop,MC-004,Bar Feeder BF-01,Conveyor System,C,PM-4000,Std Hours,4405.7,2024-09,2024-09-20,2024-09-30,TECH-02,Suresh Babu,Shift A,Completed,2024-09-20,2024-09-20,82,9,9,0,100.0,Yes,Pass,Yes,80,
WO-00005,CELL-01-C01,CELL-01,CNC Turning Line A,Machine Shop,MC-005,Chip Conveyor CC-01,Conveyor System,C,PM-4000,Std Hours,4405.7,2024-09,2024-09-25,2024-09-30,TECH-01,Arun Kumar,Shift A,Completed,2024-09-27,2024-09-27,115,9,9,0,100.0,Yes,Pass,Yes,80,
WO-00006,CELL-01-C02,CELL-01,CNC Turning Line A,Machine Shop,MC-001,CNC Lathe TL-01,CNC Turning Center,A,PM-4000,Std Hours,4956.2,2025-01,2025-01-06,2025-01-31,TECH-01,Arun Kumar,Shift A,Completed,2025-01-05,2025-01-05,151,14,14,0,100.0,Yes,Pass,Yes,150,
WO-00007,CELL-01-C02,CELL-01,CNC Turning Line A,Machine Shop,MC-002,CNC Lathe TL-02,CNC Turning Center,A,PM-4000,Std Hours,4956.2,2025-01,2025-01-10,2025-01-31,TECH-03,Mohammed Rafi,Shift B,Completed,2025-01-09,2025-01-09,140,14,14,1,100.0,Yes,Pass with observation,Yes,150,
WO-00008,CELL-01-C02,CELL-01,CNC Turning Line A,Machine Shop,MC-003,CNC Lathe TL-03,CNC Turning Center,A,PM-4000,Std Hours,4956.2,2025-01,2025-01-17,2025-01-31,TECH-02,Suresh Babu,Shift A,Completed,2025-02-01,2025-02-01,122,14,14,0,100.0,Yes,Pass,No,150,Completed late - manpower shortage
WO-00009,CELL-01-C02,CELL-01,CNC Turning Line A,Machine Shop,MC-004,Bar Feeder BF-01,Conveyor System,C,PM-4000,Std Hours,4956.2,2025-01,2025-01-22,2025-01-31,TECH-01,Arun Kumar,Shift A,Completed,2025-01-20,2025-01-20,112,9,9,0,100.0,Yes,Pass,Yes,80,
WO-00010,CELL-01-C02,CELL-01,CNC Turning Line A,Machine Shop,MC-005,Chip Conveyor CC-01,Conveyor System,C,PM-4000,Std Hours,4956.2,2025-01,2025-01-28,2025-01-31,TECH-03,Mohammed Rafi,Shift B,Completed,2025-01-29,2025-01-29,67,9,9,0,100.0,Yes,Pass,Yes,80,
WO-00011,CELL-01-C03,CELL-01,CNC Turning Line A,Machine Shop,MC-001,CNC Lathe TL-01,CNC Turning Center,A,PM-4000,Std Hours,4439.1,2025-04,2025-04-04,2025-04-30,TECH-03,Mohammed Rafi,Shift B,Completed,2025-04-03,2025-04-03,182,14,14,0,100.0,Yes,Pass,Yes,150,
WO-00012,CELL-01-C03,CELL-01,CNC Turning Line A,Machine Shop,MC-002,CNC Lathe TL-02,CNC Turning Center,A,PM-4000,Std Hours,4439.1,2025-04,2025-04-10,2025-04-30,TECH-02,Suresh Babu,Shift A,Completed,2025-04-09,2025-04-09,189,14,14,0,100.0,Yes,Pass,Yes,150,
WO-00013,CELL-01-C03,CELL-01,CNC Turning Line A,Machine Shop,MC-003,CNC Lathe TL-03,CNC Turning Center,A,PM-4000,Std Hours,4439.1,2025-04,2025-04-16,2025-04-30,TECH-01,Arun Kumar,Shift A,Completed,2025-04-15,2025-04-15,198,14,14,0,100.0,Yes,Pass,Yes,150,
WO-00014,CELL-01-C03,CELL-01,CNC Turning Line A,Machine Shop,MC-004,Bar Feeder BF-01,Conveyor System,C,PM-4000,Std Hours,4439.1,2025-04,2025-04-22,2025-04-30,TECH-03,Mohammed Rafi,Shift B,Completed,2025-04-23,2025-04-23,98,9,9,1,100.0,Yes,Pass with observation,Yes,80,
WO-00015,CELL-01-C03,CELL-01,CNC Turning Line A,Machine Shop,MC-005,Chip Conveyor CC-01,Conveyor System,C,PM-4000,Std Hours,4439.1,2025-04,2025-04-25,2025-04-30,TECH-02,Suresh Babu,Shift A,Completed,2025-04-25,2025-04-25,62,9,9,0,100.0,Yes,Pass,Yes,80,
WO-00016,CELL-01-C04,CELL-01,CNC Turning Line A,Machine Shop,MC-001,CNC Lathe TL-01,CNC Turning Center,A,PM-4000,Std Hours,4963.8,2025-08,2025-08-06,2025-08-31,TECH-02,Suresh Babu,Shift A,Overdue,,,,14,0,0,0.0,No,,No,150,Not started - awaiting production window
WO-00017,CELL-01-C04,CELL-01,CNC Turning Line A,Machine Shop,MC-002,CNC Lathe TL-02,CNC Turning Center,A,PM-4000,Std Hours,4963.8,2025-08,2025-08-11,2025-08-31,TECH-01,Arun Kumar,Shift A,Completed,2025-08-13,2025-08-13,132,14,14,0,100.0,Yes,Pass,Yes,150,
WO-00018,CELL-01-C04,CELL-01,CNC Turning Line A,Machine Shop,MC-003,CNC Lathe TL-03,CNC Turning Center,A,PM-4000,Std Hours,4963.8,2025-08,2025-08-18,2025-08-31,TECH-03,Mohammed Rafi,Shift B,Deferred,,,,14,0,0,0.0,No,,No,150,Deferred with HOD approval - shutdown planned next month
WO-00019,CELL-01-C04,CELL-01,CNC Turning Line A,Machine Shop,MC-004,Bar Feeder BF-01,Conveyor System,C,PM-4000,Std Hours,4963.8,2025-08,2025-08-21,2025-08-31,TECH-02,Suresh Babu,Shift A,Completed,2025-09-06,2025-09-06,97,9,9,0,100.0,Yes,Pass,No,80,Completed late - manpower shortage
WO-00020,CELL-01-C04,CELL-01,CNC Turning Line A,Machine Shop,MC-005,Chip Conveyor CC-01,Conveyor System,C,PM-4000,Std Hours,4963.8,2025-08,2025-08-26,2025-08-31,TECH-01,Arun Kumar,Shift A,Completed,2025-08-26,2025-08-26,91,9,9,0,100.0,Yes,Pass,Yes,80,
WO-00021,CELL-01-C05,CELL-01,CNC Turning Line A,Machine Shop,MC-001,CNC Lathe TL-01,CNC Turning Center,A,PM-4000,Std Hours,4557.5,2025-11,2025-11-06,2025-11-30,TECH-01,Arun Kumar,Shift A,Completed,2025-11-08,2025-11-08,144,14,14,0,100.0,Yes,Pass,Yes,150,
WO-00022,CELL-01-C05,CELL-01,CNC Turning Line A,Machine Shop,MC-002,CNC Lathe TL-02,CNC Turning Center,A,PM-4000,Std Hours,4557.5,2025-11,2025-11-11,2025-11-30,TECH-03,Mohammed Rafi,Shift B,Completed,2025-11-10,2025-11-10,181,14,14,0,100.0,Yes,Pass,Yes,150,
WO-00023,CELL-01-C05,CELL-01,CNC Turning Line A,Machine Shop,MC-003,CNC Lathe TL-03,CNC Turning Center,A,PM-4000,Std Hours,4557.5,2025-11,2025-11-17,2025-11-30,TECH-02,Suresh Babu,Shift A,Completed,2025-11-18,2025-11-18,176,14,14,1,100.0,Yes,Pass with observation,Yes,150,
WO-00024,CELL-01-C05,CELL-01,CNC Turning Line A,Machine Shop,MC-004,Bar Feeder BF-01,Conveyor System,C,PM-4000,Std Hours,4557.5,2025-11,2025-11-20,2025-11-30,TECH-01,Arun Kumar,Shift A,Completed,2025-11-18,2025-11-18,103,9,9,0,100.0,Yes,Pass,Yes,80,
WO-00025,CELL-01-C05,CELL-01,CNC Turning Line A,Machine Shop,MC-005,Chip Conveyor CC-01,Conveyor System,C,PM-4000,Std Hours,4557.5,2025-11,2025-11-25,2025-11-30,TECH-03,Mohammed Rafi,Shift B,Completed,2025-11-23,2025-11-23,85,9,9,1,100.0,Yes,Pass with observation,Yes,80,
WO-00026,CELL-01-C06,CELL-01,CNC Turning Line A,Machine Shop,MC-001,CNC Lathe TL-01,CNC Turning Center,A,PM-4000,Std Hours,4432.4,2026-02,2026-02-05,2026-02-28,TECH-03,Mohammed Rafi,Shift B,Completed,2026-03-09,2026-03-09,157,14,14,2,100.0,Yes,Pass with observation,No,150,Completed late - manpower shortage
WO-00027,CELL-01-C06,CELL-01,CNC Turning Line A,Machine Shop,MC-002,CNC Lathe TL-02,CNC Turning Center,A,PM-4000,Std Hours,4432.4,2026-02,2026-02-10,2026-02-28,TECH-02,Suresh Babu,Shift A,Completed,2026-02-08,2026-02-08,187,14,14,0,100.0,Yes,Pass,Yes,150,
WO-00028,CELL-01-C06,CELL-01,CNC Turning Line A,Machine Shop,MC-003,CNC Lathe TL-03,CNC Turning Center,A,PM-4000,Std Hours,4432.4,2026-02,2026-02-16,2026-02-28,TECH-01,Arun Kumar,Shift A,Completed,2026-02-17,2026-02-17,156,14,14,0,100.0,Yes,Pass,Yes,150,
WO-00029,CELL-01-C06,CELL-01,CNC Turning Line A,Machine Shop,MC-004,Bar Feeder BF-01,Conveyor System,C,PM-4000,Std Hours,4432.4,2026-02,2026-02-19,2026-02-28,TECH-03,Mohammed Rafi,Shift B,Completed,2026-02-20,2026-02-20,107,9,9,2,100.0,Yes,Pass with observation,Yes,80,
WO-00030,CELL-01-C06,CELL-01,CNC Turning Line A,Machine Shop,MC-005,Chip Conveyor CC-01,Conveyor System,C,PM-4000,Std Hours,4432.4,2026-02,2026-02-24,2026-02-28,TECH-02,Suresh Babu,Shift A,Completed,2026-02-25,2026-02-25,100,9,9,1,100.0,Yes,Pass with observation,Yes,80,
WO-00031,CELL-01-C07,CELL-01,CNC Turning Line A,Machine Shop,MC-001,CNC Lathe TL-01,CNC Turning Center,A,PM-4000,Std Hours,4161.4,2026-05,2026-05-06,2026-05-31,TECH-02,Suresh Babu,Shift A,Completed,2026-05-04,2026-05-04,121,14,14,0,100.0,Yes,Pass,Yes,150,
WO-00032,CELL-01-C07,CELL-01,CNC Turning Line A,Machine Shop,MC-002,CNC Lathe TL-02,CNC Turning Center,A,PM-4000,Std Hours,4161.4,2026-05,2026-05-12,2026-05-31,TECH-01,Arun Kumar,Shift A,Deferred,,,,14,0,0,0.0,No,,No,150,Deferred with HOD approval - shutdown planned next month
WO-00033,CELL-01-C07,CELL-01,CNC Turning Line A,Machine Shop,MC-003,CNC Lathe TL-03,CNC Turning Center,A,PM-4000,Std Hours,4161.4,2026-05,2026-05-15,2026-05-31,TECH-03,Mohammed Rafi,Shift B,Completed,2026-05-13,2026-05-13,161,14,14,1,100.0,Yes,Pass with observation,Yes,150,
WO-00034,CELL-01-C07,CELL-01,CNC Turning Line A,Machine Shop,MC-004,Bar Feeder BF-01,Conveyor System,C,PM-4000,Std Hours,4161.4,2026-05,2026-05-21,2026-05-31,TECH-02,Suresh Babu,Shift A,Completed,2026-05-20,2026-05-20,73,9,9,0,100.0,Yes,Pass,Yes,80,
WO-00035,CELL-01-C07,CELL-01,CNC Turning Line A,Machine Shop,MC-005,Chip Conveyor CC-01,Conveyor System,C,PM-4000,Std Hours,4161.4,2026-05,2026-05-26,2026-05-31,TECH-01,Arun Kumar,Shift A,Completed,2026-05-26,2026-05-26,69,9,9,0,100.0,Yes,Pass,Yes,80,
WO-00036,CELL-01-C08,CELL-01,CNC Turning Line A,Machine Shop,MC-001,CNC Lathe TL-01,CNC Turning Center,A,PM-4000,Std Hours,5320.3,2026-09,2026-09-04,2026-09-30,TECH-01,Arun Kumar,Shift A,Scheduled,,,,14,0,0,0.0,No,,,150,
WO-00037,CELL-01-C08,CELL-01,CNC Turning Line A,Machine Shop,MC-002,CNC Lathe TL-02,CNC Turning Center,A,PM-4000,Std Hours,5320.3,2026-09,2026-09-10,2026-09-30,TECH-03,Mohammed Rafi,Shift B,Scheduled,,,,14,0,0,0.0,No,,,150,
WO-00038,CELL-01-C08,CELL-01,CNC Turning Line A,Machine Shop,MC-003,CNC Lathe TL-03,CNC Turning Center,A,PM-4000,Std Hours,5320.3,2026-09,2026-09-16,2026-09-30,TECH-02,Suresh Babu,Shift A,Scheduled,,,,14,0,0,0.0,No,,,150,
WO-00039,CELL-01-C08,CELL-01,CNC Turning Line A,Machine Shop,MC-004,Bar Feeder BF-01,Conveyor System,C,PM-4000,Std Hours,5320.3,2026-09,2026-09-21,2026-09-30,TECH-01,Arun Kumar,Shift A,Scheduled,,,,9,0,0,0.0,No,,,80,
WO-00040,CELL-01-C08,CELL-01,CNC Turning Line A,Machine Shop,MC-005,Chip Conveyor CC-01,Conveyor System,C,PM-4000,Std Hours,5320.3,2026-09,2026-09-25,2026-09-30,TECH-03,Mohammed Rafi,Shift B,Scheduled,,,,9,0,0,0.0,No,,,80,
WO-00041,CELL-01-C09,CELL-01,CNC Turning Line A,Machine Shop,MC-001,CNC Lathe TL-01,CNC Turning Center,A,PM-4000,Std Hours,4905.3,2026-12,2026-12-04,2026-12-31,TECH-03,Mohammed Rafi,Shift B,Scheduled,,,,14,0,0,0.0,No,,,150,
WO-00042,CELL-01-C09,CELL-01,CNC Turning Line A,Machine Shop,MC-002,CNC Lathe TL-02,CNC Turning Center,A,PM-4000,Std Hours,4905.3,2026-12,2026-12-10,2026-12-31,TECH-02,Suresh Babu,Shift A,Scheduled,,,,14,0,0,0.0,No,,,150,
WO-00043,CELL-01-C09,CELL-01,CNC Turning Line A,Machine Shop,MC-003,CNC Lathe TL-03,CNC Turning Center,A,PM-4000,Std Hours,4905.3,2026-12,2026-12-16,2026-12-31,TECH-01,Arun Kumar,Shift A,Scheduled,,,,14,0,0,0.0,No,,,150,
WO-00044,CELL-01-C09,CELL-01,CNC Turning Line A,Machine Shop,MC-004,Bar Feeder BF-01,Conveyor System,C,PM-4000,Std Hours,4905.3,2026-12,2026-12-21,2026-12-31,TECH-03,Mohammed Rafi,Shift B,Scheduled,,,,9,0,0,0.0,No,,,80,
WO-00045,CELL-01-C09,CELL-01,CNC Turning Line A,Machine Shop,MC-005,Chip Conveyor CC-01,Conveyor System,C,PM-4000,Std Hours,4905.3,2026-12,2026-12-28,2026-12-31,TECH-02,Suresh Babu,Shift A,Scheduled,,,,9,0,0,0.0,No,,,80,
WO-00046,CELL-01-C10,CELL-01,CNC Turning Line A,Machine Shop,MC-001,CNC Lathe TL-01,CNC Turning Center,A,PM-4000,Std Hours,4820.9,2027-03,2027-03-04,2027-03-31,TECH-02,Suresh Babu,Shift A,Scheduled,,,,14,0,0,0.0,No,,,150,
WO-00047,CELL-01-C10,CELL-01,CNC Turning Line A,Machine Shop,MC-002,CNC Lathe TL-02,CNC Turning Center,A,PM-4000,Std Hours,4820.9,2027-03,2027-03-10,2027-03-31,TECH-01,Arun Kumar,Shift A,Scheduled,,,,14,0,0,0.0,No,,,150,
WO-00048,CELL-01-C10,CELL-01,CNC Turning Line A,Machine Shop,MC-003,CNC Lathe TL-03,CNC Turning Center,A,PM-4000,Std Hours,4820.9,2027-03,2027-03-16,2027-03-31,TECH-03,Mohammed Rafi,Shift B,Scheduled,,,,14,0,0,0.0,No,,,150,
WO-00049,CELL-01-C10,CELL-01,CNC Turning Line A,Machine Shop,MC-004,Bar Feeder BF-01,Conveyor System,C,PM-4000,Std Hours,4820.9,2027-03,2027-03-22,2027-03-31,TECH-02,Suresh Babu,Shift A,Scheduled,,,,9,0,0,0.0,No,,,80,
WO-00050,CELL-01-C10,CELL-01,CNC Turning Line A,Machine Shop,MC-005,Chip Conveyor CC-01,Conveyor System,C,PM-4000,Std Hours,4820.9,2027-03,2027-03-26,2027-03-31,TECH-01,Arun Kumar,Shift A,Scheduled,,,,9,0,0,0.0,No,,,80,
WO-00051,CELL-01-C11,CELL-01,CNC Turning Line A,Machine Shop,MC-001,CNC Lathe TL-01,CNC Turning Center,A,PM-4000,Std Hours,4405.9,2027-06,2027-06-04,2027-06-30,TECH-01,Arun Kumar,Shift A,Scheduled,,,,14,0,0,0.0,No,,,150,
WO-00052,CELL-01-C11,CELL-01,CNC Turning Line A,Machine Shop,MC-002,CNC Lathe TL-02,CNC Turning Center,A,PM-4000,Std Hours,4405.9,2027-06,2027-06-10,2027-06-30,TECH-03,Mohammed Rafi,Shift B,Scheduled,,,,14,0,0,0.0,No,,,150,
WO-00053,CELL-01-C11,CELL-01,CNC Turning Line A,Machine Shop,MC-003,CNC Lathe TL-03,CNC Turning Center,A,PM-4000,Std Hours,4405.9,2027-06,2027-06-16,2027-06-30,TECH-02,Suresh Babu,Shift A,Scheduled,,,,14,0,0,0.0,No,,,150,
WO-00054,CELL-01-C11,CELL-01,CNC Turning Line A,Machine Shop,MC-004,Bar Feeder BF-01,Conveyor System,C,PM-4000,Std Hours,4405.9,2027-06,2027-06-21,2027-06-30,TECH-01,Arun Kumar,Shift A,Scheduled,,,,9,0,0,0.0,No,,,80,
WO-00055,CELL-01-C11,CELL-01,CNC Turning Line A,Machine Shop,MC-005,Chip Conveyor CC-01,Conveyor System,C,PM-4000,Std Hours,4405.9,2027-06,2027-06-25,2027-06-30,TECH-03,Mohammed Rafi,Shift B,Scheduled,,,,9,0,0,0.0,No,,,80,
WO-00056,CELL-02-C01,CELL-02,CNC Turning Line B,Machine Shop,MC-006,CNC Lathe TL-04,CNC Turning Center,A,PM-4000,Std Hours,4102.1,2024-09,2024-09-06,2024-09-30,TECH-03,Mohammed Rafi,Shift B,Completed,2024-09-04,2024-09-04,210,14,14,0,100.0,Yes,Pass,Yes,150,
WO-00057,CELL-02-C01,CELL-02,CNC Turning Line B,Machine Shop,MC-007,CNC Lathe TL-05,CNC Turning Center,B,PM-4000,Std Hours,4102.1,2024-09,2024-09-12,2024-09-30,TECH-02,Suresh Babu,Shift A,Completed,2024-09-14,2024-09-14,197,14,14,1,100.0,Yes,Pass with observation,Yes,150,
WO-00058,CELL-02-C01,CELL-02,CNC Turning Line B,Machine Shop,MC-008,VMC MC-01,CNC Machining Center,A,PM-4000,Std Hours,4102.1,2024-09,2024-09-18,2024-09-30,TECH-01,Arun Kumar,Shift A,Completed,2024-09-18,2024-09-18,197,12,12,1,100.0,Yes,Pass with observation,Yes,165,
WO-00059,CELL-02-C01,CELL-02,CNC Turning Line B,Machine Shop,MC-009,VMC MC-02,CNC Machining Center,B,PM-4000,Std Hours,4102.1,2024-09,2024-09-24,2024-09-30,TECH-03,Mohammed Rafi,Shift B,Completed,2024-09-26,2024-09-26,154,12,12,1,100.0,Yes,Pass with observation,Yes,165,
WO-00060,CELL-02-C02,CELL-02,CNC Turning Line B,Machine Shop,MC-006,CNC Lathe TL-04,CNC Turning Center,A,PM-4000,Std Hours,5017.1,2025-02,2025-02-07,2025-02-28,TECH-01,Arun Kumar,Shift A,Completed,2025-02-08,2025-02-08,134,14,14,1,100.0,Yes,Pass with observation,Yes,150,
WO-00061,CELL-02-C02,CELL-02,CNC Turning Line B,Machine Shop,MC-007,CNC Lathe TL-05,CNC Turning Center,B,PM-4000,Std Hours,5017.1,2025-02,2025-02-13,2025-02-28,TECH-03,Mohammed Rafi,Shift B,Completed,2025-02-12,2025-02-12,185,14,14,0,100.0,Yes,Pass,Yes,150,
WO-00062,CELL-02-C02,CELL-02,CNC Turning Line B,Machine Shop,MC-008,VMC MC-01,CNC Machining Center,A,PM-4000,Std Hours,5017.1,2025-02,2025-02-19,2025-02-28,TECH-02,Suresh Babu,Shift A,Completed,2025-02-20,2025-02-20,238,12,12,0,100.0,Yes,Pass,Yes,165,
WO-00063,CELL-02-C02,CELL-02,CNC Turning Line B,Machine Shop,MC-009,VMC MC-02,CNC Machining Center,B,PM-4000,Std Hours,5017.1,2025-02,2025-02-25,2025-02-28,TECH-01,Arun Kumar,Shift A,Deferred,,,,12,0,0,0.0,No,,No,165,Deferred with HOD approval - shutdown planned next month
WO-00064,CELL-02-C03,CELL-02,CNC Turning Line B,Machine Shop,MC-006,CNC Lathe TL-04,CNC Turning Center,A,PM-4000,Std Hours,4958.2,2025-06,2025-06-06,2025-06-30,TECH-02,Suresh Babu,Shift A,Completed,2025-06-05,2025-06-05,135,14,14,0,100.0,Yes,Pass,Yes,150,
WO-00065,CELL-02-C03,CELL-02,CNC Turning Line B,Machine Shop,MC-007,CNC Lathe TL-05,CNC Turning Center,B,PM-4000,Std Hours,4958.2,2025-06,2025-06-12,2025-06-30,TECH-01,Arun Kumar,Shift A,Completed,2025-06-14,2025-06-14,125,14,14,0,100.0,Yes,Pass,Yes,150,
WO-00066,CELL-02-C03,CELL-02,CNC Turning Line B,Machine Shop,MC-008,VMC MC-01,CNC Machining Center,A,PM-4000,Std Hours,4958.2,2025-06,2025-06-18,2025-06-30,TECH-03,Mohammed Rafi,Shift B,Completed,2025-06-18,2025-06-18,145,12,12,0,100.0,Yes,Pass,Yes,165,
WO-00067,CELL-02-C03,CELL-02,CNC Turning Line B,Machine Shop,MC-009,VMC MC-02,CNC Machining Center,B,PM-4000,Std Hours,4958.2,2025-06,2025-06-24,2025-06-30,TECH-02,Suresh Babu,Shift A,Completed,2025-06-26,2025-06-26,233,12,12,0,100.0,Yes,Pass,Yes,165,
WO-00068,CELL-02-C04,CELL-02,CNC Turning Line B,Machine Shop,MC-006,CNC Lathe TL-04,CNC Turning Center,A,PM-4000,Std Hours,4232.3,2025-09,2025-09-05,2025-09-30,TECH-03,Mohammed Rafi,Shift B,Completed,2025-10-05,2025-10-05,202,14,14,3,100.0,Yes,Fail - follow-up raised,No,150,Completed late - manpower shortage
WO-00069,CELL-02-C04,CELL-02,CNC Turning Line B,Machine Shop,MC-007,CNC Lathe TL-05,CNC Turning Center,B,PM-4000,Std Hours,4232.3,2025-09,2025-09-11,2025-09-30,TECH-02,Suresh Babu,Shift A,Completed,2025-09-10,2025-09-10,112,14,14,0,100.0,Yes,Pass,Yes,150,
WO-00070,CELL-02-C04,CELL-02,CNC Turning Line B,Machine Shop,MC-008,VMC MC-01,CNC Machining Center,A,PM-4000,Std Hours,4232.3,2025-09,2025-09-18,2025-09-30,TECH-01,Arun Kumar,Shift A,Completed,2025-09-20,2025-09-20,200,12,12,2,100.0,Yes,Pass with observation,Yes,165,
WO-00071,CELL-02-C04,CELL-02,CNC Turning Line B,Machine Shop,MC-009,VMC MC-02,CNC Machining Center,B,PM-4000,Std Hours,4232.3,2025-09,2025-09-24,2025-09-30,TECH-03,Mohammed Rafi,Shift B,Completed,2025-09-26,2025-09-26,230,12,12,0,100.0,Yes,Pass,Yes,165,
WO-00072,CELL-02-C05,CELL-02,CNC Turning Line B,Machine Shop,MC-006,CNC Lathe TL-04,CNC Turning Center,A,PM-4000,Std Hours,4821.1,2026-02,2026-02-06,2026-02-28,TECH-01,Arun Kumar,Shift A,Completed,2026-03-06,2026-03-06,175,14,14,0,100.0,Yes,Pass,No,150,Completed late - manpower shortage
WO-00073,CELL-02-C05,CELL-02,CNC Turning Line B,Machine Shop,MC-007,CNC Lathe TL-05,CNC Turning Center,B,PM-4000,Std Hours,4821.1,2026-02,2026-02-12,2026-02-28,TECH-03,Mohammed Rafi,Shift B,Completed,2026-02-11,2026-02-11,161,14,14,0,100.0,Yes,Pass,Yes,150,
WO-00074,CELL-02-C05,CELL-02,CNC Turning Line B,Machine Shop,MC-008,VMC MC-01,CNC Machining Center,A,PM-4000,Std Hours,4821.1,2026-02,2026-02-18,2026-02-28,TECH-02,Suresh Babu,Shift A,Completed,2026-02-17,2026-02-17,161,12,12,0,100.0,Yes,Pass,Yes,165,
WO-00075,CELL-02-C05,CELL-02,CNC Turning Line B,Machine Shop,MC-009,VMC MC-02,CNC Machining Center,B,PM-4000,Std Hours,4821.1,2026-02,2026-02-24,2026-02-28,TECH-01,Arun Kumar,Shift A,Overdue,,,,12,0,0,0.0,No,,No,165,Not started - awaiting production window
WO-00076,CELL-02-C06,CELL-02,CNC Turning Line B,Machine Shop,MC-006,CNC Lathe TL-04,CNC Turning Center,A,PM-4000,Std Hours,4336.5,2026-06,2026-06-05,2026-06-30,TECH-02,Suresh Babu,Shift A,Completed,2026-06-07,2026-06-07,199,14,14,0,100.0,Yes,Pass,Yes,150,
WO-00077,CELL-02-C06,CELL-02,CNC Turning Line B,Machine Shop,MC-007,CNC Lathe TL-05,CNC Turning Center,B,PM-4000,Std Hours,4336.5,2026-06,2026-06-11,2026-06-30,TECH-01,Arun Kumar,Shift A,Completed,2026-06-10,2026-06-10,209,14,14,0,100.0,Yes,Pass,Yes,150,
WO-00078,CELL-02-C06,CELL-02,CNC Turning Line B,Machine Shop,MC-008,VMC MC-01,CNC Machining Center,A,PM-4000,Std Hours,4336.5,2026-06,2026-06-18,2026-06-30,TECH-03,Mohammed Rafi,Shift B,Completed,2026-06-16,2026-06-16,177,12,12,0,100.0,Yes,Pass,Yes,165,
WO-00079,CELL-02-C06,CELL-02,CNC Turning Line B,Machine Shop,MC-009,VMC MC-02,CNC Machining Center,B,PM-4000,Std Hours,4336.5,2026-06,2026-06-24,2026-06-30,TECH-02,Suresh Babu,Shift A,Completed,2026-06-23,2026-06-23,168,12,12,2,100.0,Yes,Pass with observation,Yes,165,
WO-00080,CELL-02-C07,CELL-02,CNC Turning Line B,Machine Shop,MC-006,CNC Lathe TL-04,CNC Turning Center,A,PM-4000,Std Hours,4040.0,2026-10,2026-10-07,2026-10-31,TECH-03,Mohammed Rafi,Shift B,Scheduled,,,,14,0,0,0.0,No,,,150,
WO-00081,CELL-02-C07,CELL-02,CNC Turning Line B,Machine Shop,MC-007,CNC Lathe TL-05,CNC Turning Center,B,PM-4000,Std Hours,4040.0,2026-10,2026-10-13,2026-10-31,TECH-02,Suresh Babu,Shift A,Scheduled,,,,14,0,0,0.0,No,,,150,
WO-00082,CELL-02-C07,CELL-02,CNC Turning Line B,Machine Shop,MC-008,VMC MC-01,CNC Machining Center,A,PM-4000,Std Hours,4040.0,2026-10,2026-10-20,2026-10-31,TECH-01,Arun Kumar,Shift A,Scheduled,,,,12,0,0,0.0,No,,,165,
WO-00083,CELL-02-C07,CELL-02,CNC Turning Line B,Machine Shop,MC-009,VMC MC-02,CNC Machining Center,B,PM-4000,Std Hours,4040.0,2026-10,2026-10-26,2026-10-31,TECH-03,Mohammed Rafi,Shift B,Scheduled,,,,12,0,0,0.0,No,,,165,
WO-00084,CELL-02-C08,CELL-02,CNC Turning Line B,Machine Shop,MC-006,CNC Lathe TL-04,CNC Turning Center,A,PM-4000,Std Hours,4864.5,2027-03,2027-03-05,2027-03-31,TECH-01,Arun Kumar,Shift A,Scheduled,,,,14,0,0,0.0,No,,,150,
WO-00085,CELL-02-C08,CELL-02,CNC Turning Line B,Machine Shop,MC-007,CNC Lathe TL-05,CNC Turning Center,B,PM-4000,Std Hours,4864.5,2027-03,2027-03-12,2027-03-31,TECH-03,Mohammed Rafi,Shift B,Scheduled,,,,14,0,0,0.0,No,,,150,
WO-00086,CELL-02-C08,CELL-02,CNC Turning Line B,Machine Shop,MC-008,VMC MC-01,CNC Machining Center,A,PM-4000,Std Hours,4864.5,2027-03,2027-03-18,2027-03-31,TECH-02,Suresh Babu,Shift A,Scheduled,,,,12,0,0,0.0,No,,,165,
WO-00087,CELL-02-C08,CELL-02,CNC Turning Line B,Machine Shop,MC-009,VMC MC-02,CNC Machining Center,B,PM-4000,Std Hours,4864.5,2027-03,2027-03-25,2027-03-31,TECH-01,Arun Kumar,Shift A,Scheduled,,,,12,0,0,0.0,No,,,165,
WO-00088,CELL-02-C09,CELL-02,CNC Turning Line B,Machine Shop,MC-006,CNC Lathe TL-04,CNC Turning Center,A,PM-4000,Std Hours,4492.4,2027-07,2027-07-07,2027-07-31,TECH-02,Suresh Babu,Shift A,Scheduled,,,,14,0,0,0.0,No,,,150,
WO-00089,CELL-02-C09,CELL-02,CNC Turning Line B,Machine Shop,MC-007,CNC Lathe TL-05,CNC Turning Center,B,PM-4000,Std Hours,4492.4,2027-07,2027-07-13,2027-07-31,TECH-01,Arun Kumar,Shift A,Scheduled,,,,14,0,0,0.0,No,,,150,
WO-00090,CELL-02-C09,CELL-02,CNC Turning Line B,Machine Shop,MC-008,VMC MC-01,CNC Machining Center,A,PM-4000,Std Hours,4492.4,2027-07,2027-07-20,2027-07-31,TECH-03,Mohammed Rafi,Shift B,Scheduled,,,,12,0,0,0.0,No,,,165,
WO-00091,CELL-02-C09,CELL-02,CNC Turning Line B,Machine Shop,MC-009,VMC MC-02,CNC Machining Center,B,PM-4000,Std Hours,4492.4,2027-07,2027-07-26,2027-07-31,TECH-02,Suresh Babu,Shift A,Scheduled,,,,12,0,0,0.0,No,,,165,
WO-00092,CELL-03-C01,CELL-03,Gear Cutting Cell,Machine Shop,MC-010,Gear Hobber GH-01,Gear Hobbing Machine,A,PM-4000,Std Hours,4253.0,2024-10,2024-10-07,2024-10-31,TECH-03,Mohammed Rafi,Shift B,Completed,2024-10-09,2024-10-09,208,11,11,0,100.0,Yes,Pass,Yes,180,
WO-00093,CELL-03-C01,CELL-03,Gear Cutting Cell,Machine Shop,MC-011,Gear Hobber GH-02,Gear Hobbing Machine,A,PM-4000,Std Hours,4253.0,2024-10,2024-10-14,2024-10-31,TECH-02,Suresh Babu,Shift A,Deferred,,,,11,0,0,0.0,No,,No,180,Deferred with HOD approval - shutdown planned next month
WO-00094,CELL-03-C01,CELL-03,Gear Cutting Cell,Machine Shop,MC-012,Gear Shaver GS-01,Gear Shaving Machine,B,PM-4000,Std Hours,4253.0,2024-10,2024-10-18,2024-10-31,TECH-01,Arun Kumar,Shift A,Completed,2024-11-04,2024-11-04,172,11,11,0,100.0,Yes,Pass,No,150,Completed late - manpower shortage
WO-00095,CELL-03-C01,CELL-03,Gear Cutting Cell,Machine Shop,MC-013,Deburring Unit DB-01,Conveyor System,C,PM-4000,Std Hours,4253.0,2024-10,2024-10-25,2024-10-31,TECH-03,Mohammed Rafi,Shift B,Completed,2024-10-24,2024-10-24,87,9,9,0,100.0,Yes,Pass,Yes,80,
WO-00096,CELL-03-C02,CELL-03,Gear Cutting Cell,Machine Shop,MC-010,Gear Hobber GH-01,Gear Hobbing Machine,A,PM-4000,Std Hours,4262.9,2025-03,2025-03-07,2025-03-31,TECH-01,Arun Kumar,Shift A,Completed,2025-04-02,2025-04-02,201,11,11,0,100.0,Yes,Pass,No,180,Completed late - manpower shortage
WO-00097,CELL-03-C02,CELL-03,Gear Cutting Cell,Machine Shop,MC-011,Gear Hobber GH-02,Gear Hobbing Machine,A,PM-4000,Std Hours,4262.9,2025-03,2025-03-13,2025-03-31,TECH-03,Mohammed Rafi,Shift B,Completed,2025-03-14,2025-03-14,216,11,11,1,100.0,Yes,Pass with observation,Yes,180,
WO-00098,CELL-03-C02,CELL-03,Gear Cutting Cell,Machine Shop,MC-012,Gear Shaver GS-01,Gear Shaving Machine,B,PM-4000,Std Hours,4262.9,2025-03,2025-03-19,2025-03-31,TECH-02,Suresh Babu,Shift A,Completed,2025-03-18,2025-03-18,178,11,11,2,100.0,Yes,Pass with observation,Yes,150,
WO-00099,CELL-03-C02,CELL-03,Gear Cutting Cell,Machine Shop,MC-013,Deburring Unit DB-01,Conveyor System,C,PM-4000,Std Hours,4262.9,2025-03,2025-03-25,2025-03-31,TECH-01,Arun Kumar,Shift A,Completed,2025-04-01,2025-04-01,78,9,9,0,100.0,Yes,Pass,No,80,Completed late - manpower shortage
WO-00100,CELL-03-C03,CELL-03,Gear Cutting Cell,Machine Shop,MC-010,Gear Hobber GH-01,Gear Hobbing Machine,A,PM-4000,Std Hours,4028.2,2025-08,2025-08-07,2025-08-31,TECH-02,Suresh Babu,Shift A,Completed,2025-08-06,2025-08-06,156,11,11,0,100.0,Yes,Pass,Yes,180,
WO-00101,CELL-03-C03,CELL-03,Gear Cutting Cell,Machine Shop,MC-011,Gear Hobber GH-02,Gear Hobbing Machine,A,PM-4000,Std Hours,4028.2,2025-08,2025-08-13,2025-08-31,TECH-01,Arun Kumar,Shift A,Completed,2025-08-13,2025-08-13,219,11,11,1,100.0,Yes,Pass with observation,Yes,180,
WO-00102,CELL-03-C03,CELL-03,Gear Cutting Cell,Machine Shop,MC-012,Gear Shaver GS-01,Gear Shaving Machine,B,PM-4000,Std Hours,4028.2,2025-08,2025-08-20,2025-08-31,TECH-03,Mohammed Rafi,Shift B,Completed,2025-08-21,2025-08-21,184,11,11,0,100.0,Yes,Pass,Yes,150,
WO-00103,CELL-03-C03,CELL-03,Gear Cutting Cell,Machine Shop,MC-013,Deburring Unit DB-01,Conveyor System,C,PM-4000,Std Hours,4028.2,2025-08,2025-08-26,2025-08-31,TECH-02,Suresh Babu,Shift A,Completed,2025-08-26,2025-08-26,61,9,9,1,100.0,Yes,Pass with observation,Yes,80,
WO-00104,CELL-03-C04,CELL-03,Gear Cutting Cell,Machine Shop,MC-010,Gear Hobber GH-01,Gear Hobbing Machine,A,PM-4000,Std Hours,4553.1,2026-02,2026-02-06,2026-02-28,TECH-03,Mohammed Rafi,Shift B,Completed,2026-02-04,2026-02-04,249,11,11,1,100.0,Yes,Pass with observation,Yes,180,
WO-00105,CELL-03-C04,CELL-03,Gear Cutting Cell,Machine Shop,MC-011,Gear Hobber GH-02,Gear Hobbing Machine,A,PM-4000,Std Hours,4553.1,2026-02,2026-02-12,2026-02-28,TECH-02,Suresh Babu,Shift A,Completed,2026-02-11,2026-02-11,214,11,11,2,100.0,Yes,Pass with observation,Yes,180,
WO-00106,CELL-03-C04,CELL-03,Gear Cutting Cell,Machine Shop,MC-012,Gear Shaver GS-01,Gear Shaving Machine,B,PM-4000,Std Hours,4553.1,2026-02,2026-02-18,2026-02-28,TECH-01,Arun Kumar,Shift A,Completed,2026-02-17,2026-02-17,133,11,11,1,100.0,Yes,Pass with observation,Yes,150,
WO-00107,CELL-03-C04,CELL-03,Gear Cutting Cell,Machine Shop,MC-013,Deburring Unit DB-01,Conveyor System,C,PM-4000,Std Hours,4553.1,2026-02,2026-02-24,2026-02-28,TECH-03,Mohammed Rafi,Shift B,Completed,2026-02-24,2026-02-24,105,9,9,0,100.0,Yes,Pass,Yes,80,
WO-00108,CELL-03-C05,CELL-03,Gear Cutting Cell,Machine Shop,MC-010,Gear Hobber GH-01,Gear Hobbing Machine,A,PM-4000,Std Hours,4398.2,2026-07,2026-07-07,2026-07-31,TECH-01,Arun Kumar,Shift A,Completed,2026-07-08,2026-07-08,256,11,11,1,100.0,Yes,Pass with observation,Yes,180,
WO-00109,CELL-03-C05,CELL-03,Gear Cutting Cell,Machine Shop,MC-011,Gear Hobber GH-02,Gear Hobbing Machine,A,PM-4000,Std Hours,4398.2,2026-07,2026-07-14,2026-07-31,TECH-03,Mohammed Rafi,Shift B,Completed,2026-07-15,2026-07-15,238,11,11,2,100.0,Yes,Pass with observation,Yes,180,
WO-00110,CELL-03-C05,CELL-03,Gear Cutting Cell,Machine Shop,MC-012,Gear Shaver GS-01,Gear Shaving Machine,B,PM-4000,Std Hours,4398.2,2026-07,2026-07-20,2026-07-31,TECH-02,Suresh Babu,Shift A,Completed,2026-07-21,2026-07-21,207,11,11,0,100.0,Yes,Pass,Yes,150,
WO-00111,CELL-03-C05,CELL-03,Gear Cutting Cell,Machine Shop,MC-013,Deburring Unit DB-01,Conveyor System,C,PM-4000,Std Hours,4398.2,2026-07,2026-07-27,2026-07-31,TECH-01,Arun Kumar,Shift A,Completed,2026-08-03,2026-08-03,81,9,9,0,100.0,Yes,Pass,No,80,Completed late - manpower shortage
WO-00112,CELL-03-C06,CELL-03,Gear Cutting Cell,Machine Shop,MC-010,Gear Hobber GH-01,Gear Hobbing Machine,A,PM-4000,Std Hours,4352.2,2026-12,2026-12-07,2026-12-31,TECH-02,Suresh Babu,Shift A,Scheduled,,,,11,0,0,0.0,No,,,180,
WO-00113,CELL-03-C06,CELL-03,Gear Cutting Cell,Machine Shop,MC-011,Gear Hobber GH-02,Gear Hobbing Machine,A,PM-4000,Std Hours,4352.2,2026-12,2026-12-11,2026-12-31,TECH-01,Arun Kumar,Shift A,Scheduled,,,,11,0,0,0.0,No,,,180,
WO-00114,CELL-03-C06,CELL-03,Gear Cutting Cell,Machine Shop,MC-012,Gear Shaver GS-01,Gear Shaving Machine,B,PM-4000,Std Hours,4352.2,2026-12,2026-12-18,2026-12-31,TECH-03,Mohammed Rafi,Shift B,Scheduled,,,,11,0,0,0.0,No,,,150,
WO-00115,CELL-03-C06,CELL-03,Gear Cutting Cell,Machine Shop,MC-013,Deburring Unit DB-01,Conveyor System,C,PM-4000,Std Hours,4352.2,2026-12,2026-12-24,2026-12-31,TECH-02,Suresh Babu,Shift A,Scheduled,,,,9,0,0,0.0,No,,,80,
WO-00116,CELL-03-C07,CELL-03,Gear Cutting Cell,Machine Shop,MC-010,Gear Hobber GH-01,Gear Hobbing Machine,A,PM-4000,Std Hours,4395.2,2027-05,2027-05-07,2027-05-31,TECH-03,Mohammed Rafi,Shift B,Scheduled,,,,11,0,0,0.0,No,,,180,
WO-00117,CELL-03-C07,CELL-03,Gear Cutting Cell,Machine Shop,MC-011,Gear Hobber GH-02,Gear Hobbing Machine,A,PM-4000,Std Hours,4395.2,2027-05,2027-05-13,2027-05-31,TECH-02,Suresh Babu,Shift A,Scheduled,,,,11,0,0,0.0,No,,,180,
WO-00118,CELL-03-C07,CELL-03,Gear Cutting Cell,Machine Shop,MC-012,Gear Shaver GS-01,Gear Shaving Machine,B,PM-4000,Std Hours,4395.2,2027-05,2027-05-19,2027-05-31,TECH-01,Arun Kumar,Shift A,Scheduled,,,,11,0,0,0.0,No,,,150,
WO-00119,CELL-03-C07,CELL-03,Gear Cutting Cell,Machine Shop,MC-013,Deburring Unit DB-01,Conveyor System,C,PM-4000,Std Hours,4395.2,2027-05,2027-05-25,2027-05-31,TECH-03,Mohammed Rafi,Shift B,Scheduled,,,,9,0,0,0.0,No,,,80,
WO-00120,CELL-04-C01,CELL-04,Heat Treatment,Heat Treat,MC-014,Sealed Quench SQ-01,Sealed Quench Furnace,A,PM-4000,Std Hours,4868.1,2024-11,2024-11-06,2024-11-30,TECH-05,Prakash R,Shift A,Completed,2024-11-05,2024-11-05,328,13,13,0,100.0,Yes,Pass,Yes,240,
WO-00121,CELL-04-C01,CELL-04,Heat Treatment,Heat Treat,MC-015,Sealed Quench SQ-02,Sealed Quench Furnace,A,PM-4000,Std Hours,4868.1,2024-11,2024-11-12,2024-11-30,TECH-02,Suresh Babu,Shift A,Completed,2024-11-11,2024-11-11,323,13,13,0,100.0,Yes,Pass,Yes,240,
WO-00122,CELL-04-C01,CELL-04,Heat Treatment,Heat Treat,MC-016,Tempering Furnace TF-01,Tempering Furnace,A,PM-4000,Std Hours,4868.1,2024-11,2024-11-15,2024-11-30,TECH-06,Deepak Nair,Shift C,Deferred,,,,13,0,0,0.0,No,,No,180,Deferred with HOD approval - shutdown planned next month
WO-00123,CELL-04-C01,CELL-04,Heat Treatment,Heat Treat,MC-017,Quench Oil Chiller CH-01,Chiller Unit,B,PM-4000,Std Hours,4868.1,2024-11,2024-11-21,2024-11-30,TECH-05,Prakash R,Shift A,Completed,2024-12-02,2024-12-02,157,9,9,0,100.0,Yes,Pass,No,130,Completed late - manpower shortage
WO-00124,CELL-04-C01,CELL-04,Heat Treatment,Heat Treat,MC-018,HT Compressor AC-01,Air Compressor,A,PM-4000,Std Hours,4868.1,2024-11,2024-11-26,2024-11-30,TECH-02,Suresh Babu,Shift A,Overdue,,,,9,0,0,0.0,No,,No,120,Not started - awaiting production window
WO-00125,CELL-04-C02,CELL-04,Heat Treatment,Heat Treat,MC-014,Sealed Quench SQ-01,Sealed Quench Furnace,A,PM-4000,Std Hours,4924.7,2025-02,2025-02-06,2025-02-28,TECH-02,Suresh Babu,Shift A,Completed,2025-02-05,2025-02-05,191,13,13,1,100.0,Yes,Pass with observation,Yes,240,
WO-00126,CELL-04-C02,CELL-04,Heat Treatment,Heat Treat,MC-015,Sealed Quench SQ-02,Sealed Quench Furnace,A,PM-4000,Std Hours,4924.7,2025-02,2025-02-11,2025-02-28,TECH-06,Deepak Nair,Shift C,Completed,2025-02-10,2025-02-10,345,13,13,0,100.0,Yes,Pass,Yes,240,
WO-00127,CELL-04-C02,CELL-04,Heat Treatment,Heat Treat,MC-016,Tempering Furnace TF-01,Tempering Furnace,A,PM-4000,Std Hours,4924.7,2025-02,2025-02-17,2025-02-28,TECH-05,Prakash R,Shift A,Completed,2025-02-16,2025-02-16,168,13,13,0,100.0,Yes,Pass,Yes,180,
WO-00128,CELL-04-C02,CELL-04,Heat Treatment,Heat Treat,MC-017,Quench Oil Chiller CH-01,Chiller Unit,B,PM-4000,Std Hours,4924.7,2025-02,2025-02-20,2025-02-28,TECH-02,Suresh Babu,Shift A,Completed,2025-02-19,2025-02-19,183,9,9,0,100.0,Yes,Pass,Yes,130,
WO-00129,CELL-04-C02,CELL-04,Heat Treatment,Heat Treat,MC-018,HT Compressor AC-01,Air Compressor,A,PM-4000,Std Hours,4924.7,2025-02,2025-02-25,2025-02-28,TECH-06,Deepak Nair,Shift C,Completed,2025-02-23,2025-02-23,95,9,9,0,100.0,Yes,Pass,Yes,120,
WO-00130,CELL-04-C03,CELL-04,Heat Treatment,Heat Treat,MC-014,Sealed Quench SQ-01,Sealed Quench Furnace,A,PM-4000,Std Hours,5154.0,2025-05,2025-05-06,2025-05-31,TECH-06,Deepak Nair,Shift C,Completed,2025-06-02,2025-06-02,331,13,13,0,100.0,Yes,Pass,No,240,Completed late - manpower shortage
WO-00131,CELL-04-C03,CELL-04,Heat Treatment,Heat Treat,MC-015,Sealed Quench SQ-02,Sealed Quench Furnace,A,PM-4000,Std Hours,5154.0,2025-05,2025-05-12,2025-05-31,TECH-05,Prakash R,Shift A,Completed,2025-05-13,2025-05-13,264,13,13,0,100.0,Yes,Pass,Yes,240,
WO-00132,CELL-04-C03,CELL-04,Heat Treatment,Heat Treat,MC-016,Tempering Furnace TF-01,Tempering Furnace,A,PM-4000,Std Hours,5154.0,2025-05,2025-05-16,2025-05-31,TECH-02,Suresh Babu,Shift A,Completed,2025-05-15,2025-05-15,187,13,13,1,100.0,Yes,Pass with observation,Yes,180,
WO-00133,CELL-04-C03,CELL-04,Heat Treatment,Heat Treat,MC-017,Quench Oil Chiller CH-01,Chiller Unit,B,PM-4000,Std Hours,5154.0,2025-05,2025-05-21,2025-05-31,TECH-06,Deepak Nair,Shift C,Completed,2025-06-02,2025-06-02,105,9,9,0,100.0,Yes,Pass,No,130,Completed late - manpower shortage
WO-00134,CELL-04-C03,CELL-04,Heat Treatment,Heat Treat,MC-018,HT Compressor AC-01,Air Compressor,A,PM-4000,Std Hours,5154.0,2025-05,2025-05-27,2025-05-31,TECH-05,Prakash R,Shift A,Completed,2025-05-25,2025-05-25,139,9,9,0,100.0,Yes,Pass,Yes,120,
WO-00135,CELL-04-C04,CELL-04,Heat Treatment,Heat Treat,MC-014,Sealed Quench SQ-01,Sealed Quench Furnace,A,PM-4000,Std Hours,4081.7,2025-07,2025-07-04,2025-07-31,TECH-05,Prakash R,Shift A,Completed,2025-07-05,2025-07-05,325,13,13,1,100.0,Yes,Pass with observation,Yes,240,
WO-00136,CELL-04-C04,CELL-04,Heat Treatment,Heat Treat,MC-015,Sealed Quench SQ-02,Sealed Quench Furnace,A,PM-4000,Std Hours,4081.7,2025-07,2025-07-10,2025-07-31,TECH-02,Suresh Babu,Shift A,Completed,2025-07-12,2025-07-12,241,13,13,1,100.0,Yes,Pass with observation,Yes,240,
WO-00137,CELL-04-C04,CELL-04,Heat Treatment,Heat Treat,MC-016,Tempering Furnace TF-01,Tempering Furnace,A,PM-4000,Std Hours,4081.7,2025-07,2025-07-16,2025-07-31,TECH-06,Deepak Nair,Shift C,Completed,2025-07-18,2025-07-18,252,13,13,1,100.0,Yes,Pass with observation,Yes,180,
WO-00138,CELL-04-C04,CELL-04,Heat Treatment,Heat Treat,MC-017,Quench Oil Chiller CH-01,Chiller Unit,B,PM-4000,Std Hours,4081.7,2025-07,2025-07-22,2025-07-31,TECH-05,Prakash R,Shift A,Completed,2025-07-23,2025-07-23,103,9,9,1,100.0,Yes,Pass with observation,Yes,130,
WO-00139,CELL-04-C04,CELL-04,Heat Treatment,Heat Treat,MC-018,HT Compressor AC-01,Air Compressor,A,PM-4000,Std Hours,4081.7,2025-07,2025-07-28,2025-07-31,TECH-02,Suresh Babu,Shift A,Completed,2025-07-27,2025-07-27,121,9,9,1,100.0,Yes,Pass with observation,Yes,120,
WO-00140,CELL-04-C05,CELL-04,Heat Treatment,Heat Treat,MC-014,Sealed Quench SQ-01,Sealed Quench Furnace,A,PM-4000,Std Hours,5169.9,2025-11,2025-11-06,2025-11-30,TECH-02,Suresh Babu,Shift A,Completed,2025-11-06,2025-11-06,254,13,13,0,100.0,Yes,Pass,Yes,240,
WO-00141,CELL-04-C05,CELL-04,Heat Treatment,Heat Treat,MC-015,Sealed Quench SQ-02,Sealed Quench Furnace,A,PM-4000,Std Hours,5169.9,2025-11,2025-11-11,2025-11-30,TECH-06,Deepak Nair,Shift C,Completed,2025-11-13,2025-11-13,261,13,13,0,100.0,Yes,Pass,Yes,240,
WO-00142,CELL-04-C05,CELL-04,Heat Treatment,Heat Treat,MC-016,Tempering Furnace TF-01,Tempering Furnace,A,PM-4000,Std Hours,5169.9,2025-11,2025-11-17,2025-11-30,TECH-05,Prakash R,Shift A,Completed,2025-11-17,2025-11-17,171,13,13,0,100.0,Yes,Pass,Yes,180,
WO-00143,CELL-04-C05,CELL-04,Heat Treatment,Heat Treat,MC-017,Quench Oil Chiller CH-01,Chiller Unit,B,PM-4000,Std Hours,5169.9,2025-11,2025-11-20,2025-11-30,TECH-02,Suresh Babu,Shift A,Completed,2025-11-20,2025-11-20,104,9,9,1,100.0,Yes,Pass with observation,Yes,130,
WO-00144,CELL-04-C05,CELL-04,Heat Treatment,Heat Treat,MC-018,HT Compressor AC-01,Air Compressor,A,PM-4000,Std Hours,5169.9,2025-11,2025-11-25,2025-11-30,TECH-06,Deepak Nair,Shift C,Completed,2025-11-26,2025-11-26,138,9,9,1,100.0,Yes,Pass with observation,Yes,120,
WO-00145,CELL-04-C06,CELL-04,Heat Treatment,Heat Treat,MC-014,Sealed Quench SQ-01,Sealed Quench Furnace,A,PM-4000,Std Hours,4205.9,2026-01,2026-01-06,2026-01-31,TECH-06,Deepak Nair,Shift C,Completed,2026-02-08,2026-02-08,319,13,13,2,100.0,Yes,Pass with observation,No,240,Completed late - manpower shortage
WO-00146,CELL-04-C06,CELL-04,Heat Treatment,Heat Treat,MC-015,Sealed Quench SQ-02,Sealed Quench Furnace,A,PM-4000,Std Hours,4205.9,2026-01,2026-01-09,2026-01-31,TECH-05,Prakash R,Shift A,Completed,2026-01-09,2026-01-09,310,13,13,0,100.0,Yes,Pass,Yes,240,
WO-00147,CELL-04-C06,CELL-04,Heat Treatment,Heat Treat,MC-016,Tempering Furnace TF-01,Tempering Furnace,A,PM-4000,Std Hours,4205.9,2026-01,2026-01-16,2026-01-31,TECH-02,Suresh Babu,Shift A,Completed,2026-01-14,2026-01-14,153,13,13,0,100.0,Yes,Pass,Yes,180,
WO-00148,CELL-04-C06,CELL-04,Heat Treatment,Heat Treat,MC-017,Quench Oil Chiller CH-01,Chiller Unit,B,PM-4000,Std Hours,4205.9,2026-01,2026-01-21,2026-01-31,TECH-06,Deepak Nair,Shift C,Completed,2026-01-23,2026-01-23,138,9,9,2,100.0,Yes,Pass with observation,Yes,130,
WO-00149,CELL-04-C06,CELL-04,Heat Treatment,Heat Treat,MC-018,HT Compressor AC-01,Air Compressor,A,PM-4000,Std Hours,4205.9,2026-01,2026-01-27,2026-01-31,TECH-05,Prakash R,Shift A,Completed,2026-01-27,2026-01-27,139,9,9,0,100.0,Yes,Pass,Yes,120,
WO-00150,CELL-04-C07,CELL-04,Heat Treatment,Heat Treat,MC-014,Sealed Quench SQ-01,Sealed Quench Furnace,A,PM-4000,Std Hours,4119.1,2026-04,2026-04-06,2026-04-30,TECH-05,Prakash R,Shift A,Completed,2026-04-06,2026-04-06,192,13,13,1,100.0,Yes,Pass with observation,Yes,240,
WO-00151,CELL-04-C07,CELL-04,Heat Treatment,Heat Treat,MC-015,Sealed Quench SQ-02,Sealed Quench Furnace,A,PM-4000,Std Hours,4119.1,2026-04,2026-04-10,2026-04-30,TECH-02,Suresh Babu,Shift A,Completed,2026-05-04,2026-05-04,234,13,13,0,100.0,Yes,Pass,No,240,Completed late - manpower shortage
WO-00152,CELL-04-C07,CELL-04,Heat Treatment,Heat Treat,MC-016,Tempering Furnace TF-01,Tempering Furnace,A,PM-4000,Std Hours,4119.1,2026-04,2026-04-16,2026-04-30,TECH-06,Deepak Nair,Shift C,Completed,2026-04-15,2026-04-15,139,13,13,1,100.0,Yes,Pass with observation,Yes,180,
WO-00153,CELL-04-C07,CELL-04,Heat Treatment,Heat Treat,MC-017,Quench Oil Chiller CH-01,Chiller Unit,B,PM-4000,Std Hours,4119.1,2026-04,2026-04-22,2026-04-30,TECH-05,Prakash R,Shift A,Completed,2026-04-22,2026-04-22,103,9,9,0,100.0,Yes,Pass,Yes,130,
WO-00154,CELL-04-C07,CELL-04,Heat Treatment,Heat Treat,MC-018,HT Compressor AC-01,Air Compressor,A,PM-4000,Std Hours,4119.1,2026-04,2026-04-27,2026-04-30,TECH-02,Suresh Babu,Shift A,Completed,2026-04-29,2026-04-29,163,9,9,0,100.0,Yes,Pass,Yes,120,
WO-00155,CELL-04-C08,CELL-04,Heat Treatment,Heat Treat,MC-014,Sealed Quench SQ-01,Sealed Quench Furnace,A,PM-4000,Std Hours,4860.3,2026-07,2026-07-06,2026-07-31,TECH-02,Suresh Babu,Shift A,Deferred,,,,13,0,0,0.0,No,,No,240,Deferred with HOD approval - shutdown planned next month
WO-00156,CELL-04-C08,CELL-04,Heat Treatment,Heat Treat,MC-015,Sealed Quench SQ-02,Sealed Quench Furnace,A,PM-4000,Std Hours,4860.3,2026-07,2026-07-10,2026-07-31,TECH-06,Deepak Nair,Shift C,Completed,2026-07-11,2026-07-11,201,13,13,1,100.0,Yes,Pass with observation,Yes,240,
WO-00157,CELL-04-C08,CELL-04,Heat Treatment,Heat Treat,MC-016,Tempering Furnace TF-01,Tempering Furnace,A,PM-4000,Std Hours,4860.3,2026-07,2026-07-16,2026-07-31,TECH-05,Prakash R,Shift A,Completed,2026-08-02,2026-08-02,216,13,13,0,100.0,Yes,Pass,No,180,Completed late - manpower shortage
WO-00158,CELL-04-C08,CELL-04,Heat Treatment,Heat Treat,MC-017,Quench Oil Chiller CH-01,Chiller Unit,B,PM-4000,Std Hours,4860.3,2026-07,2026-07-22,2026-07-31,TECH-02,Suresh Babu,Shift A,Completed,2026-07-21,2026-07-21,111,9,9,0,100.0,Yes,Pass,Yes,130,
WO-00159,CELL-04-C08,CELL-04,Heat Treatment,Heat Treat,MC-018,HT Compressor AC-01,Air Compressor,A,PM-4000,Std Hours,4860.3,2026-07,2026-07-28,2026-07-31,TECH-06,Deepak Nair,Shift C,Completed,2026-07-30,2026-07-30,93,9,9,0,100.0,Yes,Pass,Yes,120,
WO-00160,CELL-04-C09,CELL-04,Heat Treatment,Heat Treat,MC-014,Sealed Quench SQ-01,Sealed Quench Furnace,A,PM-4000,Std Hours,4009.5,2026-09,2026-09-04,2026-09-30,TECH-06,Deepak Nair,Shift C,Scheduled,,,,13,0,0,0.0,No,,,240,
WO-00161,CELL-04-C09,CELL-04,Heat Treatment,Heat Treat,MC-015,Sealed Quench SQ-02,Sealed Quench Furnace,A,PM-4000,Std Hours,4009.5,2026-09,2026-09-10,2026-09-30,TECH-05,Prakash R,Shift A,Scheduled,,,,13,0,0,0.0,No,,,240,
WO-00162,CELL-04-C09,CELL-04,Heat Treatment,Heat Treat,MC-016,Tempering Furnace TF-01,Tempering Furnace,A,PM-4000,Std Hours,4009.5,2026-09,2026-09-16,2026-09-30,TECH-02,Suresh Babu,Shift A,Scheduled,,,,13,0,0,0.0,No,,,180,
WO-00163,CELL-04-C09,CELL-04,Heat Treatment,Heat Treat,MC-017,Quench Oil Chiller CH-01,Chiller Unit,B,PM-4000,Std Hours,4009.5,2026-09,2026-09-21,2026-09-30,TECH-06,Deepak Nair,Shift C,Scheduled,,,,9,0,0,0.0,No,,,130,
WO-00164,CELL-04-C09,CELL-04,Heat Treatment,Heat Treat,MC-018,HT Compressor AC-01,Air Compressor,A,PM-4000,Std Hours,4009.5,2026-09,2026-09-25,2026-09-30,TECH-05,Prakash R,Shift A,Scheduled,,,,9,0,0,0.0,No,,,120,
WO-00165,CELL-04-C10,CELL-04,Heat Treatment,Heat Treat,MC-014,Sealed Quench SQ-01,Sealed Quench Furnace,A,PM-4000,Std Hours,4466.2,2026-12,2026-12-04,2026-12-31,TECH-05,Prakash R,Shift A,Scheduled,,,,13,0,0,0.0,No,,,240,
WO-00166,CELL-04-C10,CELL-04,Heat Treatment,Heat Treat,MC-015,Sealed Quench SQ-02,Sealed Quench Furnace,A,PM-4000,Std Hours,4466.2,2026-12,2026-12-10,2026-12-31,TECH-02,Suresh Babu,Shift A,Scheduled,,,,13,0,0,0.0,No,,,240,
WO-00167,CELL-04-C10,CELL-04,Heat Treatment,Heat Treat,MC-016,Tempering Furnace TF-01,Tempering Furnace,A,PM-4000,Std Hours,4466.2,2026-12,2026-12-16,2026-12-31,TECH-06,Deepak Nair,Shift C,Scheduled,,,,13,0,0,0.0,No,,,180,
WO-00168,CELL-04-C10,CELL-04,Heat Treatment,Heat Treat,MC-017,Quench Oil Chiller CH-01,Chiller Unit,B,PM-4000,Std Hours,4466.2,2026-12,2026-12-21,2026-12-31,TECH-05,Prakash R,Shift A,Scheduled,,,,9,0,0,0.0,No,,,130,
WO-00169,CELL-04-C10,CELL-04,Heat Treatment,Heat Treat,MC-018,HT Compressor AC-01,Air Compressor,A,PM-4000,Std Hours,4466.2,2026-12,2026-12-28,2026-12-31,TECH-02,Suresh Babu,Shift A,Scheduled,,,,9,0,0,0.0,No,,,120,
WO-00170,CELL-04-C11,CELL-04,Heat Treatment,Heat Treat,MC-014,Sealed Quench SQ-01,Sealed Quench Furnace,A,PM-4000,Std Hours,5333.8,2027-03,2027-03-04,2027-03-31,TECH-02,Suresh Babu,Shift A,Scheduled,,,,13,0,0,0.0,No,,,240,
WO-00171,CELL-04-C11,CELL-04,Heat Treatment,Heat Treat,MC-015,Sealed Quench SQ-02,Sealed Quench Furnace,A,PM-4000,Std Hours,5333.8,2027-03,2027-03-10,2027-03-31,TECH-06,Deepak Nair,Shift C,Scheduled,,,,13,0,0,0.0,No,,,240,
WO-00172,CELL-04-C11,CELL-04,Heat Treatment,Heat Treat,MC-016,Tempering Furnace TF-01,Tempering Furnace,A,PM-4000,Std Hours,5333.8,2027-03,2027-03-16,2027-03-31,TECH-05,Prakash R,Shift A,Scheduled,,,,13,0,0,0.0,No,,,180,
WO-00173,CELL-04-C11,CELL-04,Heat Treatment,Heat Treat,MC-017,Quench Oil Chiller CH-01,Chiller Unit,B,PM-4000,Std Hours,5333.8,2027-03,2027-03-22,2027-03-31,TECH-02,Suresh Babu,Shift A,Scheduled,,,,9,0,0,0.0,No,,,130,
WO-00174,CELL-04-C11,CELL-04,Heat Treatment,Heat Treat,MC-018,HT Compressor AC-01,Air Compressor,A,PM-4000,Std Hours,5333.8,2027-03,2027-03-26,2027-03-31,TECH-06,Deepak Nair,Shift C,Scheduled,,,,9,0,0,0.0,No,,,120,
WO-00175,CELL-04-C12,CELL-04,Heat Treatment,Heat Treat,MC-014,Sealed Quench SQ-01,Sealed Quench Furnace,A,PM-4000,Std Hours,4210.1,2027-05,2027-05-06,2027-05-31,TECH-06,Deepak Nair,Shift C,Scheduled,,,,13,0,0,0.0,No,,,240,
WO-00176,CELL-04-C12,CELL-04,Heat Treatment,Heat Treat,MC-015,Sealed Quench SQ-02,Sealed Quench Furnace,A,PM-4000,Std Hours,4210.1,2027-05,2027-05-12,2027-05-31,TECH-05,Prakash R,Shift A,Scheduled,,,,13,0,0,0.0,No,,,240,
WO-00177,CELL-04-C12,CELL-04,Heat Treatment,Heat Treat,MC-016,Tempering Furnace TF-01,Tempering Furnace,A,PM-4000,Std Hours,4210.1,2027-05,2027-05-17,2027-05-31,TECH-02,Suresh Babu,Shift A,Scheduled,,,,13,0,0,0.0,No,,,180,
WO-00178,CELL-04-C12,CELL-04,Heat Treatment,Heat Treat,MC-017,Quench Oil Chiller CH-01,Chiller Unit,B,PM-4000,Std Hours,4210.1,2027-05,2027-05-21,2027-05-31,TECH-06,Deepak Nair,Shift C,Scheduled,,,,9,0,0,0.0,No,,,130,
WO-00179,CELL-04-C12,CELL-04,Heat Treatment,Heat Treat,MC-018,HT Compressor AC-01,Air Compressor,A,PM-4000,Std Hours,4210.1,2027-05,2027-05-26,2027-05-31,TECH-05,Prakash R,Shift A,Scheduled,,,,9,0,0,0.0,No,,,120,
WO-00180,CELL-04-C13,CELL-04,Heat Treatment,Heat Treat,MC-014,Sealed Quench SQ-01,Sealed Quench Furnace,A,PM-4000,Std Hours,4951.3,2027-08,2027-08-05,2027-08-31,TECH-05,Prakash R,Shift A,Scheduled,,,,13,0,0,0.0,No,,,240,
WO-00181,CELL-04-C13,CELL-04,Heat Treatment,Heat Treat,MC-015,Sealed Quench SQ-02,Sealed Quench Furnace,A,PM-4000,Std Hours,4951.3,2027-08,2027-08-11,2027-08-31,TECH-02,Suresh Babu,Shift A,Scheduled,,,,13,0,0,0.0,No,,,240,
WO-00182,CELL-04-C13,CELL-04,Heat Treatment,Heat Treat,MC-016,Tempering Furnace TF-01,Tempering Furnace,A,PM-4000,Std Hours,4951.3,2027-08,2027-08-17,2027-08-31,TECH-06,Deepak Nair,Shift C,Scheduled,,,,13,0,0,0.0,No,,,180,
WO-00183,CELL-04-C13,CELL-04,Heat Treatment,Heat Treat,MC-017,Quench Oil Chiller CH-01,Chiller Unit,B,PM-4000,Std Hours,4951.3,2027-08,2027-08-20,2027-08-31,TECH-05,Prakash R,Shift A,Scheduled,,,,9,0,0,0.0,No,,,130,
WO-00184,CELL-04-C13,CELL-04,Heat Treatment,Heat Treat,MC-018,HT Compressor AC-01,Air Compressor,A,PM-4000,Std Hours,4951.3,2027-08,2027-08-26,2027-08-31,TECH-02,Suresh Babu,Shift A,Scheduled,,,,9,0,0,0.0,No,,,120,
WO-00185,CELL-05-C01,CELL-05,Assembly Line 1,Assembly,MC-019,Assembly Stn AS-01,Assembly Station,B,PM-4000,Std Hours,4431.0,2024-11,2024-11-06,2024-11-30,TECH-10,Naveen Raj,Shift B,Completed,2024-11-08,2024-11-08,118,10,10,0,100.0,Yes,Pass,Yes,90,
WO-00186,CELL-05-C01,CELL-05,Assembly Line 1,Assembly,MC-020,Assembly Stn AS-02,Assembly Station,B,PM-4000,Std Hours,4431.0,2024-11,2024-11-12,2024-11-30,TECH-10,Naveen Raj,Shift B,Completed,2024-11-13,2024-11-13,105,10,10,1,100.0,Yes,Pass with observation,Yes,90,
WO-00187,CELL-05-C01,CELL-05,Assembly Line 1,Assembly,MC-021,Assembly Stn AS-03,Assembly Station,B,PM-4000,Std Hours,4431.0,2024-11,2024-11-15,2024-11-30,TECH-10,Naveen Raj,Shift B,Completed,2024-12-06,2024-12-06,110,10,10,0,100.0,Yes,Pass,No,90,Completed late - manpower shortage
WO-00188,CELL-05-C01,CELL-05,Assembly Line 1,Assembly,MC-022,Leak Test Rig LT-01,Leak Test Rig,A,PM-4000,Std Hours,4431.0,2024-11,2024-11-21,2024-11-30,TECH-10,Naveen Raj,Shift B,Completed,2024-11-20,2024-11-20,145,10,10,1,100.0,Yes,Pass with observation,Yes,110,
WO-00189,CELL-05-C01,CELL-05,Assembly Line 1,Assembly,MC-023,Assy Conveyor CV-01,Conveyor System,C,PM-4000,Std Hours,4431.0,2024-11,2024-11-26,2024-11-30,TECH-10,Naveen Raj,Shift B,Completed,2024-11-24,2024-11-24,99,9,9,0,100.0,Yes,Pass,Yes,80,
WO-00190,CELL-05-C02,CELL-05,Assembly Line 1,Assembly,MC-019,Assembly Stn AS-01,Assembly Station,B,PM-4000,Std Hours,4565.7,2025-04,2025-04-04,2025-04-30,TECH-07,Ramesh Chandran,Shift A,Completed,2025-04-06,2025-04-06,76,10,10,0,100.0,Yes,Pass,Yes,90,
WO-00191,CELL-05-C02,CELL-05,Assembly Line 1,Assembly,MC-020,Assembly Stn AS-02,Assembly Station,B,PM-4000,Std Hours,4565.7,2025-04,2025-04-10,2025-04-30,TECH-07,Ramesh Chandran,Shift A,Completed,2025-04-08,2025-04-08,93,10,10,0,100.0,Yes,Pass,Yes,90,
WO-00192,CELL-05-C02,CELL-05,Assembly Line 1,Assembly,MC-021,Assembly Stn AS-03,Assembly Station,B,PM-4000,Std Hours,4565.7,2025-04,2025-04-16,2025-04-30,TECH-07,Ramesh Chandran,Shift A,Completed,2025-04-16,2025-04-16,126,10,10,1,100.0,Yes,Pass with observation,Yes,90,
WO-00193,CELL-05-C02,CELL-05,Assembly Line 1,Assembly,MC-022,Leak Test Rig LT-01,Leak Test Rig,A,PM-4000,Std Hours,4565.7,2025-04,2025-04-22,2025-04-30,TECH-07,Ramesh Chandran,Shift A,Completed,2025-05-03,2025-05-03,140,10,10,0,100.0,Yes,Pass,No,110,Completed late - manpower shortage
WO-00194,CELL-05-C02,CELL-05,Assembly Line 1,Assembly,MC-023,Assy Conveyor CV-01,Conveyor System,C,PM-4000,Std Hours,4565.7,2025-04,2025-04-25,2025-04-30,TECH-07,Ramesh Chandran,Shift A,Completed,2025-04-24,2025-04-24,90,9,9,1,100.0,Yes,Pass with observation,Yes,80,
WO-00195,CELL-05-C03,CELL-05,Assembly Line 1,Assembly,MC-019,Assembly Stn AS-01,Assembly Station,B,PM-4000,Std Hours,4141.6,2025-08,2025-08-06,2025-08-31,TECH-10,Naveen Raj,Shift B,Completed,2025-08-05,2025-08-05,93,10,10,1,100.0,Yes,Pass with observation,Yes,90,
WO-00196,CELL-05-C03,CELL-05,Assembly Line 1,Assembly,MC-020,Assembly Stn AS-02,Assembly Station,B,PM-4000,Std Hours,4141.6,2025-08,2025-08-11,2025-08-31,TECH-10,Naveen Raj,Shift B,Completed,2025-08-13,2025-08-13,103,10,10,1,100.0,Yes,Pass with observation,Yes,90,
WO-00197,CELL-05-C03,CELL-05,Assembly Line 1,Assembly,MC-021,Assembly Stn AS-03,Assembly Station,B,PM-4000,Std Hours,4141.6,2025-08,2025-08-18,2025-08-31,TECH-10,Naveen Raj,Shift B,Completed,2025-08-16,2025-08-16,100,10,10,0,100.0,Yes,Pass,Yes,90,
WO-00198,CELL-05-C03,CELL-05,Assembly Line 1,Assembly,MC-022,Leak Test Rig LT-01,Leak Test Rig,A,PM-4000,Std Hours,4141.6,2025-08,2025-08-21,2025-08-31,TECH-10,Naveen Raj,Shift B,Completed,2025-08-22,2025-08-22,85,10,10,0,100.0,Yes,Pass,Yes,110,
WO-00199,CELL-05-C03,CELL-05,Assembly Line 1,Assembly,MC-023,Assy Conveyor CV-01,Conveyor System,C,PM-4000,Std Hours,4141.6,2025-08,2025-08-26,2025-08-31,TECH-10,Naveen Raj,Shift B,Completed,2025-08-25,2025-08-25,101,9,9,0,100.0,Yes,Pass,Yes,80,
WO-00200,CELL-05-C04,CELL-05,Assembly Line 1,Assembly,MC-019,Assembly Stn AS-01,Assembly Station,B,PM-4000,Std Hours,4344.2,2026-01,2026-01-06,2026-01-31,TECH-07,Ramesh Chandran,Shift A,Completed,2026-01-08,2026-01-08,88,10,10,0,100.0,Yes,Pass,Yes,90,
WO-00201,CELL-05-C04,CELL-05,Assembly Line 1,Assembly,MC-020,Assembly Stn AS-02,Assembly Station,B,PM-4000,Std Hours,4344.2,2026-01,2026-01-09,2026-01-31,TECH-07,Ramesh Chandran,Shift A,Completed,2026-01-08,2026-01-08,71,10,10,1,100.0,Yes,Pass with observation,Yes,90,
WO-00202,CELL-05-C04,CELL-05,Assembly Line 1,Assembly,MC-021,Assembly Stn AS-03,Assembly Station,B,PM-4000,Std Hours,4344.2,2026-01,2026-01-16,2026-01-31,TECH-07,Ramesh Chandran,Shift A,Completed,2026-01-16,2026-01-16,99,10,10,3,100.0,Yes,Fail - follow-up raised,Yes,90,
WO-00203,CELL-05-C04,CELL-05,Assembly Line 1,Assembly,MC-022,Leak Test Rig LT-01,Leak Test Rig,A,PM-4000,Std Hours,4344.2,2026-01,2026-01-21,2026-01-31,TECH-07,Ramesh Chandran,Shift A,Completed,2026-02-01,2026-02-01,149,10,10,0,100.0,Yes,Pass,No,110,Completed late - manpower shortage
WO-00204,CELL-05-C04,CELL-05,Assembly Line 1,Assembly,MC-023,Assy Conveyor CV-01,Conveyor System,C,PM-4000,Std Hours,4344.2,2026-01,2026-01-27,2026-01-31,TECH-07,Ramesh Chandran,Shift A,Completed,2026-01-28,2026-01-28,78,9,9,0,100.0,Yes,Pass,Yes,80,
WO-00205,CELL-05-C05,CELL-05,Assembly Line 1,Assembly,MC-019,Assembly Stn AS-01,Assembly Station,B,PM-4000,Std Hours,4459.4,2026-06,2026-06-04,2026-06-30,TECH-10,Naveen Raj,Shift B,Completed,2026-07-07,2026-07-07,72,10,10,0,100.0,Yes,Pass,No,90,Completed late - manpower shortage
WO-00206,CELL-05-C05,CELL-05,Assembly Line 1,Assembly,MC-020,Assembly Stn AS-02,Assembly Station,B,PM-4000,Std Hours,4459.4,2026-06,2026-06-10,2026-06-30,TECH-10,Naveen Raj,Shift B,Completed,2026-06-10,2026-06-10,86,10,10,0,100.0,Yes,Pass,Yes,90,
WO-00207,CELL-05-C05,CELL-05,Assembly Line 1,Assembly,MC-021,Assembly Stn AS-03,Assembly Station,B,PM-4000,Std Hours,4459.4,2026-06,2026-06-16,2026-06-30,TECH-10,Naveen Raj,Shift B,Completed,2026-06-16,2026-06-16,106,10,10,0,100.0,Yes,Pass,Yes,90,
WO-00208,CELL-05-C05,CELL-05,Assembly Line 1,Assembly,MC-022,Leak Test Rig LT-01,Leak Test Rig,A,PM-4000,Std Hours,4459.4,2026-06,2026-06-19,2026-06-30,TECH-10,Naveen Raj,Shift B,Completed,2026-06-20,2026-06-20,110,10,10,1,100.0,Yes,Pass with observation,Yes,110,
WO-00209,CELL-05-C05,CELL-05,Assembly Line 1,Assembly,MC-023,Assy Conveyor CV-01,Conveyor System,C,PM-4000,Std Hours,4459.4,2026-06,2026-06-25,2026-06-30,TECH-10,Naveen Raj,Shift B,Completed,2026-06-23,2026-06-23,67,9,9,0,100.0,Yes,Pass,Yes,80,
WO-00210,CELL-05-C06,CELL-05,Assembly Line 1,Assembly,MC-019,Assembly Stn AS-01,Assembly Station,B,PM-4000,Std Hours,4375.1,2026-11,2026-11-05,2026-11-30,TECH-07,Ramesh Chandran,Shift A,Scheduled,,,,10,0,0,0.0,No,,,90,
WO-00211,CELL-05-C06,CELL-05,Assembly Line 1,Assembly,MC-020,Assembly Stn AS-02,Assembly Station,B,PM-4000,Std Hours,4375.1,2026-11,2026-11-11,2026-11-30,TECH-07,Ramesh Chandran,Shift A,Scheduled,,,,10,0,0,0.0,No,,,90,
WO-00212,CELL-05-C06,CELL-05,Assembly Line 1,Assembly,MC-021,Assembly Stn AS-03,Assembly Station,B,PM-4000,Std Hours,4375.1,2026-11,2026-11-16,2026-11-30,TECH-07,Ramesh Chandran,Shift A,Scheduled,,,,10,0,0,0.0,No,,,90,
WO-00213,CELL-05-C06,CELL-05,Assembly Line 1,Assembly,MC-022,Leak Test Rig LT-01,Leak Test Rig,A,PM-4000,Std Hours,4375.1,2026-11,2026-11-20,2026-11-30,TECH-07,Ramesh Chandran,Shift A,Scheduled,,,,10,0,0,0.0,No,,,110,
WO-00214,CELL-05-C06,CELL-05,Assembly Line 1,Assembly,MC-023,Assy Conveyor CV-01,Conveyor System,C,PM-4000,Std Hours,4375.1,2026-11,2026-11-25,2026-11-30,TECH-07,Ramesh Chandran,Shift A,Scheduled,,,,9,0,0,0.0,No,,,80,
WO-00215,CELL-05-C07,CELL-05,Assembly Line 1,Assembly,MC-019,Assembly Stn AS-01,Assembly Station,B,PM-4000,Std Hours,4528.4,2027-04,2027-04-06,2027-04-30,TECH-10,Naveen Raj,Shift B,Scheduled,,,,10,0,0,0.0,No,,,90,
WO-00216,CELL-05-C07,CELL-05,Assembly Line 1,Assembly,MC-020,Assembly Stn AS-02,Assembly Station,B,PM-4000,Std Hours,4528.4,2027-04,2027-04-12,2027-04-30,TECH-10,Naveen Raj,Shift B,Scheduled,,,,10,0,0,0.0,No,,,90,
WO-00217,CELL-05-C07,CELL-05,Assembly Line 1,Assembly,MC-021,Assembly Stn AS-03,Assembly Station,B,PM-4000,Std Hours,4528.4,2027-04,2027-04-16,2027-04-30,TECH-10,Naveen Raj,Shift B,Scheduled,,,,10,0,0,0.0,No,,,90,
WO-00218,CELL-05-C07,CELL-05,Assembly Line 1,Assembly,MC-022,Leak Test Rig LT-01,Leak Test Rig,A,PM-4000,Std Hours,4528.4,2027-04,2027-04-22,2027-04-30,TECH-10,Naveen Raj,Shift B,Scheduled,,,,10,0,0,0.0,No,,,110,
WO-00219,CELL-05-C07,CELL-05,Assembly Line 1,Assembly,MC-023,Assy Conveyor CV-01,Conveyor System,C,PM-4000,Std Hours,4528.4,2027-04,2027-04-27,2027-04-30,TECH-10,Naveen Raj,Shift B,Scheduled,,,,9,0,0,0.0,No,,,80,
WO-00220,CELL-06-C01,CELL-06,Paint & Finishing,Finishing,MC-024,Paint Booth PB-01,Paint Booth,A,PM-4000,Std Hours,4246.7,2025-04,2025-04-08,2025-04-30,TECH-09,Sathish Kumar,Shift A,Completed,2025-04-09,2025-04-09,282,10,10,0,100.0,Yes,Pass,Yes,200,
WO-00221,CELL-06-C01,CELL-06,Paint & Finishing,Finishing,MC-025,Curing Oven CO-01,Curing Oven,B,PM-4000,Std Hours,4246.7,2025-04,2025-04-16,2025-04-30,TECH-09,Sathish Kumar,Shift A,Completed,2025-04-15,2025-04-15,227,10,10,0,100.0,Yes,Pass,Yes,160,
WO-00222,CELL-06-C01,CELL-06,Paint & Finishing,Finishing,MC-026,Paint Chiller CH-02,Chiller Unit,C,PM-4000,Std Hours,4246.7,2025-04,2025-04-23,2025-04-30,TECH-09,Sathish Kumar,Shift A,Completed,2025-04-24,2025-04-24,117,9,9,0,100.0,Yes,Pass,Yes,130,
WO-00223,CELL-06-C02,CELL-06,Paint & Finishing,Finishing,MC-024,Paint Booth PB-01,Paint Booth,A,PM-4000,Std Hours,4379.2,2026-02,2026-02-09,2026-02-28,TECH-07,Ramesh Chandran,Shift A,Completed,2026-02-07,2026-02-07,213,10,10,1,100.0,Yes,Pass with observation,Yes,200,
WO-00224,CELL-06-C02,CELL-06,Paint & Finishing,Finishing,MC-025,Curing Oven CO-01,Curing Oven,B,PM-4000,Std Hours,4379.2,2026-02,2026-02-16,2026-02-28,TECH-07,Ramesh Chandran,Shift A,Completed,2026-02-14,2026-02-14,181,10,10,0,100.0,Yes,Pass,Yes,160,
WO-00225,CELL-06-C02,CELL-06,Paint & Finishing,Finishing,MC-026,Paint Chiller CH-02,Chiller Unit,C,PM-4000,Std Hours,4379.2,2026-02,2026-02-23,2026-02-28,TECH-07,Ramesh Chandran,Shift A,Completed,2026-02-23,2026-02-23,143,9,9,0,100.0,Yes,Pass,Yes,130,
WO-00226,CELL-06-C03,CELL-06,Paint & Finishing,Finishing,MC-024,Paint Booth PB-01,Paint Booth,A,PM-4000,Std Hours,4010.2,2026-11,2026-11-09,2026-11-30,TECH-09,Sathish Kumar,Shift A,Scheduled,,,,10,0,0,0.0,No,,,200,
WO-00227,CELL-06-C03,CELL-06,Paint & Finishing,Finishing,MC-025,Curing Oven CO-01,Curing Oven,B,PM-4000,Std Hours,4010.2,2026-11,2026-11-16,2026-11-30,TECH-09,Sathish Kumar,Shift A,Scheduled,,,,10,0,0,0.0,No,,,160,
WO-00228,CELL-06-C03,CELL-06,Paint & Finishing,Finishing,MC-026,Paint Chiller CH-02,Chiller Unit,C,PM-4000,Std Hours,4010.2,2026-11,2026-11-23,2026-11-30,TECH-09,Sathish Kumar,Shift A,Scheduled,,,,9,0,0,0.0,No,,,130,
WO-00229,CELL-07-C01,CELL-07,Robotic Welding Bay,Fabrication,MC-027,Robot Weld Cell RW-01,Robotic Welding Cell,A,PM-4000,Std Hours,4584.1,2025-01,2025-01-07,2025-01-31,TECH-08,Karthik V,Shift B,Completed,2025-01-09,2025-01-09,191,11,11,1,100.0,Yes,Pass with observation,Yes,190,
WO-00230,CELL-07-C01,CELL-07,Robotic Welding Bay,Fabrication,MC-028,Robot Weld Cell RW-02,Robotic Welding Cell,A,PM-4000,Std Hours,4584.1,2025-01,2025-01-13,2025-01-31,TECH-04,Vignesh S,Shift B,Completed,2025-01-14,2025-01-14,244,11,11,1,100.0,Yes,Pass with observation,Yes,190,
WO-00231,CELL-07-C01,CELL-07,Robotic Welding Bay,Fabrication,MC-029,Positioner PZ-01,Conveyor System,C,PM-4000,Std Hours,4584.1,2025-01,2025-01-21,2025-01-31,TECH-09,Sathish Kumar,Shift A,Completed,2025-01-23,2025-01-23,95,9,9,0,100.0,Yes,Pass,Yes,80,
WO-00232,CELL-07-C01,CELL-07,Robotic Welding Bay,Fabrication,MC-030,Weld Compressor AC-02,Air Compressor,B,PM-4000,Std Hours,4584.1,2025-01,2025-01-27,2025-01-31,TECH-08,Karthik V,Shift B,Completed,2025-01-26,2025-01-26,115,9,9,0,100.0,Yes,Pass,Yes,120,
WO-00233,CELL-07-C02,CELL-07,Robotic Welding Bay,Fabrication,MC-027,Robot Weld Cell RW-01,Robotic Welding Cell,A,PM-4000,Std Hours,4483.8,2025-07,2025-07-07,2025-07-31,TECH-09,Sathish Kumar,Shift A,Completed,2025-07-05,2025-07-05,175,11,11,0,100.0,Yes,Pass,Yes,190,
WO-00234,CELL-07-C02,CELL-07,Robotic Welding Bay,Fabrication,MC-028,Robot Weld Cell RW-02,Robotic Welding Cell,A,PM-4000,Std Hours,4483.8,2025-07,2025-07-14,2025-07-31,TECH-08,Karthik V,Shift B,Completed,2025-07-16,2025-07-16,163,11,11,0,100.0,Yes,Pass,Yes,190,
WO-00235,CELL-07-C02,CELL-07,Robotic Welding Bay,Fabrication,MC-029,Positioner PZ-01,Conveyor System,C,PM-4000,Std Hours,4483.8,2025-07,2025-07-18,2025-07-31,TECH-04,Vignesh S,Shift B,Completed,2025-07-20,2025-07-20,74,9,9,0,100.0,Yes,Pass,Yes,80,
WO-00236,CELL-07-C02,CELL-07,Robotic Welding Bay,Fabrication,MC-030,Weld Compressor AC-02,Air Compressor,B,PM-4000,Std Hours,4483.8,2025-07,2025-07-25,2025-07-31,TECH-09,Sathish Kumar,Shift A,Completed,2025-08-09,2025-08-09,114,9,9,2,100.0,Yes,Pass with observation,No,120,Completed late - manpower shortage
WO-00237,CELL-07-C03,CELL-07,Robotic Welding Bay,Fabrication,MC-027,Robot Weld Cell RW-01,Robotic Welding Cell,A,PM-4000,Std Hours,4001.0,2025-12,2025-12-05,2025-12-31,TECH-04,Vignesh S,Shift B,Completed,2025-12-03,2025-12-03,163,11,11,0,100.0,Yes,Pass,Yes,190,
WO-00238,CELL-07-C03,CELL-07,Robotic Welding Bay,Fabrication,MC-028,Robot Weld Cell RW-02,Robotic Welding Cell,A,PM-4000,Std Hours,4001.0,2025-12,2025-12-11,2025-12-31,TECH-09,Sathish Kumar,Shift A,Overdue,,,,11,0,0,0.0,No,,No,190,Not started - awaiting production window
WO-00239,CELL-07-C03,CELL-07,Robotic Welding Bay,Fabrication,MC-029,Positioner PZ-01,Conveyor System,C,PM-4000,Std Hours,4001.0,2025-12,2025-12-18,2025-12-31,TECH-08,Karthik V,Shift B,Completed,2025-12-19,2025-12-19,67,9,9,0,100.0,Yes,Pass,Yes,80,
WO-00240,CELL-07-C03,CELL-07,Robotic Welding Bay,Fabrication,MC-030,Weld Compressor AC-02,Air Compressor,B,PM-4000,Std Hours,4001.0,2025-12,2025-12-24,2025-12-31,TECH-04,Vignesh S,Shift B,Completed,2025-12-23,2025-12-23,101,9,9,0,100.0,Yes,Pass,Yes,120,
WO-00241,CELL-07-C04,CELL-07,Robotic Welding Bay,Fabrication,MC-027,Robot Weld Cell RW-01,Robotic Welding Cell,A,PM-4000,Std Hours,4510.8,2026-06,2026-06-05,2026-06-30,TECH-08,Karthik V,Shift B,Deferred,,,,11,0,0,0.0,No,,No,190,Deferred with HOD approval - shutdown planned next month
WO-00242,CELL-07-C04,CELL-07,Robotic Welding Bay,Fabrication,MC-028,Robot Weld Cell RW-02,Robotic Welding Cell,A,PM-4000,Std Hours,4510.8,2026-06,2026-06-11,2026-06-30,TECH-04,Vignesh S,Shift B,Completed,2026-07-06,2026-07-06,266,11,11,1,100.0,Yes,Pass with observation,No,190,Completed late - manpower shortage
WO-00243,CELL-07-C04,CELL-07,Robotic Welding Bay,Fabrication,MC-029,Positioner PZ-01,Conveyor System,C,PM-4000,Std Hours,4510.8,2026-06,2026-06-18,2026-06-30,TECH-09,Sathish Kumar,Shift A,Completed,2026-06-19,2026-06-19,88,9,9,3,100.0,Yes,Fail - follow-up raised,Yes,80,
WO-00244,CELL-07-C04,CELL-07,Robotic Welding Bay,Fabrication,MC-030,Weld Compressor AC-02,Air Compressor,B,PM-4000,Std Hours,4510.8,2026-06,2026-06-24,2026-06-30,TECH-08,Karthik V,Shift B,Completed,2026-06-26,2026-06-26,90,9,9,0,100.0,Yes,Pass,Yes,120,
WO-00245,CELL-07-C05,CELL-07,Robotic Welding Bay,Fabrication,MC-027,Robot Weld Cell RW-01,Robotic Welding Cell,A,PM-4000,Std Hours,4512.3,2026-11,2026-11-06,2026-11-30,TECH-09,Sathish Kumar,Shift A,Scheduled,,,,11,0,0,0.0,No,,,190,
WO-00246,CELL-07-C05,CELL-07,Robotic Welding Bay,Fabrication,MC-028,Robot Weld Cell RW-02,Robotic Welding Cell,A,PM-4000,Std Hours,4512.3,2026-11,2026-11-12,2026-11-30,TECH-08,Karthik V,Shift B,Scheduled,,,,11,0,0,0.0,No,,,190,
WO-00247,CELL-07-C05,CELL-07,Robotic Welding Bay,Fabrication,MC-029,Positioner PZ-01,Conveyor System,C,PM-4000,Std Hours,4512.3,2026-11,2026-11-18,2026-11-30,TECH-04,Vignesh S,Shift B,Scheduled,,,,9,0,0,0.0,No,,,80,
WO-00248,CELL-07-C05,CELL-07,Robotic Welding Bay,Fabrication,MC-030,Weld Compressor AC-02,Air Compressor,B,PM-4000,Std Hours,4512.3,2026-11,2026-11-24,2026-11-30,TECH-09,Sathish Kumar,Shift A,Scheduled,,,,9,0,0,0.0,No,,,120,
WO-00249,CELL-07-C06,CELL-07,Robotic Welding Bay,Fabrication,MC-027,Robot Weld Cell RW-01,Robotic Welding Cell,A,PM-4000,Std Hours,4490.7,2027-04,2027-04-07,2027-04-30,TECH-04,Vignesh S,Shift B,Scheduled,,,,11,0,0,0.0,No,,,190,
WO-00250,CELL-07-C06,CELL-07,Robotic Welding Bay,Fabrication,MC-028,Robot Weld Cell RW-02,Robotic Welding Cell,A,PM-4000,Std Hours,4490.7,2027-04,2027-04-13,2027-04-30,TECH-09,Sathish Kumar,Shift A,Scheduled,,,,11,0,0,0.0,No,,,190,
WO-00251,CELL-07-C06,CELL-07,Robotic Welding Bay,Fabrication,MC-029,Positioner PZ-01,Conveyor System,C,PM-4000,Std Hours,4490.7,2027-04,2027-04-20,2027-04-30,TECH-08,Karthik V,Shift B,Scheduled,,,,9,0,0,0.0,No,,,80,
WO-00252,CELL-07-C06,CELL-07,Robotic Welding Bay,Fabrication,MC-030,Weld Compressor AC-02,Air Compressor,B,PM-4000,Std Hours,4490.7,2027-04,2027-04-26,2027-04-30,TECH-04,Vignesh S,Shift B,Scheduled,,,,9,0,0,0.0,No,,,120,
WO-00253,CELL-08-C01,CELL-08,Press Shop,Fabrication,MC-031,Hyd Press HP-01,Hydraulic Press,A,PM-4000,Std Hours,4238.8,2025-08,2025-08-08,2025-08-31,TECH-08,Karthik V,Shift B,Completed,2025-08-06,2025-08-06,180,10,10,0,100.0,Yes,Pass,Yes,175,
WO-00254,CELL-08-C01,CELL-08,Press Shop,Fabrication,MC-032,Hyd Press HP-02,Hydraulic Press,B,PM-4000,Std Hours,4238.8,2025-08,2025-08-18,2025-08-31,TECH-04,Vignesh S,Shift B,Completed,2025-08-20,2025-08-20,165,10,10,3,100.0,Yes,Fail - follow-up raised,Yes,175,
WO-00255,CELL-08-C01,CELL-08,Press Shop,Fabrication,MC-033,Press Feeder PF-01,Conveyor System,C,PM-4000,Std Hours,4238.8,2025-08,2025-08-25,2025-08-31,TECH-09,Sathish Kumar,Shift A,Deferred,,,,9,0,0,0.0,No,,No,80,Deferred with HOD approval - shutdown planned next month
WO-00256,CELL-08-C02,CELL-08,Press Shop,Fabrication,MC-031,Hyd Press HP-01,Hydraulic Press,A,PM-4000,Std Hours,4023.2,2026-08,2026-08-10,2026-08-31,TECH-08,Karthik V,Shift B,Scheduled,,,,10,0,0,0.0,No,,,175,
WO-00257,CELL-08-C02,CELL-08,Press Shop,Fabrication,MC-032,Hyd Press HP-02,Hydraulic Press,B,PM-4000,Std Hours,4023.2,2026-08,2026-08-17,2026-08-31,TECH-04,Vignesh S,Shift B,Completed,2026-08-19,2026-08-19,180,10,10,0,100.0,Yes,Pass,Yes,175,
WO-00258,CELL-08-C02,CELL-08,Press Shop,Fabrication,MC-033,Press Feeder PF-01,Conveyor System,C,PM-4000,Std Hours,4023.2,2026-08,2026-08-24,2026-08-31,TECH-09,Sathish Kumar,Shift A,In Progress,2026-08-24,,,9,6,1,66.7,Yes,,,80,
WO-00259,CELL-08-C03,CELL-08,Press Shop,Fabrication,MC-031,Hyd Press HP-01,Hydraulic Press,A,PM-4000,Calendar Backstop,3844.0,2027-08,2027-08-09,2027-08-31,TECH-08,Karthik V,Shift B,Scheduled,,,,10,0,0,0.0,No,,,175,
WO-00260,CELL-08-C03,CELL-08,Press Shop,Fabrication,MC-032,Hyd Press HP-02,Hydraulic Press,B,PM-4000,Calendar Backstop,3844.0,2027-08,2027-08-17,2027-08-31,TECH-04,Vignesh S,Shift B,Scheduled,,,,10,0,0,0.0,No,,,175,
WO-00261,CELL-08-C03,CELL-08,Press Shop,Fabrication,MC-033,Press Feeder PF-01,Conveyor System,C,PM-4000,Calendar Backstop,3844.0,2027-08,2027-08-24,2027-08-31,TECH-09,Sathish Kumar,Shift A,Scheduled,,,,9,0,0,0.0,No,,,80,
